"","parameter","method","x.NAs","x.count","x.quant.0%","x.quant.25%","x.quant.50%","x.quant.75%","x.quant.100%"
"1","1-Methylnaphthalene","",0.000000e+00,6.000000e+00,1.128056e-06,3.000590e-06,5.954074e-06,6.078987e-06,2.710923e-05
"2","2-Methylnaphthalene","",0.000000e+00,6.000000e+00,1.128056e-06,3.000590e-06,5.954074e-06,6.078987e-06,2.710923e-05
"3","2,4-D","",0.000000e+00,6.000000e+00,1.128056e-05,2.302750e-05,4.230388e-05,5.728177e-05,6.079362e-05
"4","Acenaphthene","",0.000000e+00,6.000000e+00,1.128056e-06,6.078237e-06,9.314620e-06,1.844197e-05,2.710923e-05
"5","Acenaphthylene","",0.000000e+00,6.000000e+00,1.128056e-06,3.000590e-06,5.954074e-06,6.078987e-06,2.710923e-05
"6","Anthracene","",0.000000e+00,6.000000e+00,1.128056e-06,7.598452e-06,2.253672e-05,6.515881e-05,8.162403e-05
"7","Benz(a)anthracene","",0.000000e+00,6.000000e+00,6.079362e-06,4.029994e-05,1.632970e-04,2.358587e-04,4.554351e-04
"8","Benzo(a)pyrene","",0.000000e+00,6.000000e+00,7.295235e-06,4.553176e-05,1.730735e-04,2.868404e-04,5.367628e-04
"9","Benzo(b)fluoranthene","",0.000000e+00,6.000000e+00,7.295235e-06,6.319528e-05,1.693817e-04,2.457770e-04,4.825443e-04
"10","Benzo(g,h,i)perylene","",0.000000e+00,6.000000e+00,6.687298e-06,4.114598e-05,1.288512e-04,2.245166e-04,4.229040e-04
"11","Benzo(k)fluoranthene","",0.000000e+00,6.000000e+00,7.295235e-06,5.078063e-05,1.496286e-04,2.457770e-04,4.825443e-04
"12","Bis(2-ethylhexyl) phthalate","",0.000000e+00,6.000000e+00,4.625031e-05,8.281611e-05,8.919784e-05,1.004720e-04,2.114520e-04
"13","BTEX","",3.200000e+01,1.200000e+02,9.910880e-06,7.422541e-05,2.387531e-04,7.153532e-04,8.715911e-03
"14","Butyl benzyl phthalate","",0.000000e+00,6.000000e+00,1.128056e-05,2.302750e-05,4.230388e-05,5.728177e-05,6.079362e-05
"15","Cadmium","",0.000000e+00,6.000000e+00,3.100475e-06,4.997221e-06,8.296146e-06,1.553735e-05,1.976467e-05
"16","Cadmium dissolved","",0.000000e+00,5.000000e+00,1.522444e-06,1.763015e-06,2.406833e-06,2.741177e-06,1.620820e-05
"17","Calcium","",0.000000e+00,6.000000e+00,4.999378e-02,6.491336e-02,7.403847e-02,8.296664e-02,1.306665e-01
"18","Chloride","",0.000000e+00,6.000000e+00,4.512225e-02,5.302963e-02,5.470751e-02,5.688306e-02,9.759323e-02
"19","Chlorpyrifos","",0.000000e+00,6.000000e+00,4.512225e-06,9.211002e-06,1.692155e-05,2.291271e-05,2.431745e-05
"20","Chrysene","",0.000000e+00,6.000000e+00,6.687298e-06,5.761822e-05,2.041158e-04,3.124736e-04,5.964031e-04
"21","Copper","",0.000000e+00,6.000000e+00,5.015474e-04,9.511671e-04,1.357141e-03,1.677898e-03,2.976593e-03
"22","Copper dissolved","",0.000000e+00,5.000000e+00,1.133604e-04,1.191555e-04,2.938646e-04,4.745854e-04,8.956768e-04
"23","CPAH","",2.300000e+01,6.430000e+02,1.250200e-07,9.665863e-06,5.287481e-05,2.543658e-04,1.226983e-02
"24","Di-N-Octyl Phthalate","",0.000000e+00,6.000000e+00,1.128056e-05,2.302750e-05,4.230388e-05,5.728177e-05,6.079362e-05
"25","Diazinon","",0.000000e+00,6.000000e+00,4.512225e-06,9.211002e-06,1.692155e-05,2.291271e-05,2.431745e-05
"26","Dibenzo(a,h)anthracene","",0.000000e+00,6.000000e+00,6.079362e-06,1.571422e-05,5.473477e-05,9.927081e-05,1.463898e-04
"27","Dibutyl phthalate","",0.000000e+00,6.000000e+00,1.128056e-05,2.302750e-05,4.230388e-05,5.728177e-05,6.079362e-05
"28","Dichlobenil","",0.000000e+00,6.000000e+00,1.692085e-06,4.505975e-06,7.152420e-06,1.515134e-05,1.823809e-05
"29","Diesel Range Organics","",0.000000e+00,5.000000e+00,1.457572e-02,1.702221e-02,1.762580e-02,5.527476e-02,8.674954e-02
"30","Diethyl phthalate","",0.000000e+00,6.000000e+00,1.128056e-05,2.302750e-05,4.230388e-05,5.728177e-05,6.079362e-05
"31","Dimethyl phthalate","",0.000000e+00,6.000000e+00,1.128056e-05,2.302750e-05,4.230388e-05,5.728177e-05,6.079362e-05
"32","Fluoranthene","",0.000000e+00,6.000000e+00,1.215872e-05,9.631239e-05,3.926656e-04,6.447501e-04,1.138588e-03
"33","Fluorene","",0.000000e+00,6.000000e+00,1.579279e-06,6.078237e-06,1.178345e-05,2.673700e-05,3.031750e-05
"34","Gasoline Range Organics","",0.000000e+00,5.000000e+00,2.820141e-03,7.597327e-03,1.355462e-02,1.457572e-02,1.519841e-02
"35","Hardness as CaCO3","",0.000000e+00,6.000000e+00,1.892769e-01,2.039622e-01,2.309842e-01,2.562170e-01,4.391695e-01
"36","HPAH","",2.300000e+01,6.420000e+02,1.250200e-07,1.762487e-05,9.872369e-05,5.033698e-04,3.235672e-02
"37","Indeno(1,2,3-cd)pyrene","",0.000000e+00,6.000000e+00,6.079362e-06,3.717470e-05,1.155474e-04,1.892835e-04,3.957948e-04
"38","Lead","",0.000000e+00,6.000000e+00,1.375948e-04,3.474267e-04,1.113818e-03,2.534067e-03,7.102618e-03
"39","Lead dissolved","",0.000000e+00,5.000000e+00,2.674919e-06,3.600375e-06,7.287859e-06,9.116792e-06,2.278674e-05
"40","LPAH","",2.300000e+01,6.430000e+02,3.760000e-08,8.068589e-06,4.171328e-05,1.926171e-04,1.852075e-02
"41","Magnesium","",0.000000e+00,6.000000e+00,9.024451e-03,1.112228e-02,1.190815e-02,1.492017e-02,2.765141e-02
"42","Malathion","",0.000000e+00,6.000000e+00,4.512225e-06,9.211002e-06,1.692155e-05,2.291271e-05,2.431745e-05
"43","Mecoprop","",0.000000e+00,6.000000e+00,2.820141e-03,5.756876e-03,1.057597e-02,1.432044e-02,1.519841e-02
"44","Mercury","",0.000000e+00,6.000000e+00,3.575939e-07,7.269319e-07,1.125213e-06,1.203419e-06,1.374315e-06
"45","Mercury dissolved","",0.000000e+00,6.000000e+00,2.256113e-07,4.605501e-07,8.460777e-07,1.145635e-06,1.215872e-06
"46","Motor Oil","",0.000000e+00,5.000000e+00,1.792969e-02,2.915144e-02,3.039681e-02,4.286614e-02,4.337477e-02
"47","Naphthalene","",0.000000e+00,6.000000e+00,1.128056e-06,3.988294e-06,6.078612e-06,8.078914e-06,2.710923e-05
"48","Nitrite-Nitrate","",0.000000e+00,6.000000e+00,3.888405e-03,4.550055e-03,4.680022e-03,6.893612e-03,8.569784e-03
"49","Ortho-phosphate dissolved","",0.000000e+00,6.000000e+00,1.645886e-04,3.281381e-04,9.421359e-04,1.535151e-03,1.641023e-03
"50","Pentachlorophenol","",0.000000e+00,6.000000e+00,5.640282e-06,1.500295e-05,2.977037e-05,3.039493e-05,1.355462e-04
"51","Phenanthrene","",0.000000e+00,6.000000e+00,6.687298e-06,2.940475e-05,1.877300e-04,3.220230e-04,5.313409e-04
"52","Prometon","",0.000000e+00,6.000000e+00,1.692085e-06,4.505975e-06,7.152420e-06,1.515134e-05,1.823809e-05
"53","Pyrene","",0.000000e+00,6.000000e+00,1.155079e-05,8.059988e-05,3.393265e-04,5.207055e-04,9.759323e-04
"54","Surfactants","",0.000000e+00,6.000000e+00,5.143393e-04,3.094127e-03,4.285425e-03,9.211856e-03,1.224360e-02
"55","Total Benzofluoranthenes","",2.300000e+01,6.430000e+02,1.250200e-07,7.966126e-06,3.630832e-05,1.843631e-04,6.134914e-03
"56","Total Kjeldahl Nitrogen","",0.000000e+00,6.000000e+00,2.016210e-02,2.834653e-02,3.572895e-02,4.752936e-02,6.668871e-02
"57","Total PAH","",2.300000e+01,6.430000e+02,2.150000e-07,2.288922e-05,1.196597e-04,6.486671e-04,3.928324e-02
"58","Total PCB","",0.000000e+00,2.700000e+01,2.477154e-07,2.827886e-06,9.539930e-06,5.841795e-05,8.340090e-04
"59","Total Phosphorus","",0.000000e+00,6.000000e+00,1.823809e-03,2.801231e-03,4.783483e-03,5.480011e-03,1.138588e-02
"60","Total Phthalate","",2.300000e+01,6.430000e+02,3.542000e-07,7.909283e-05,6.011496e-04,3.389976e-03,2.789327e-01
"61","Total Suspended Solids","",0.000000e+00,6.000000e+00,2.796507e-01,5.103935e-01,9.140804e-01,1.731572e+00,2.738032e+00
"62","Total TPHDx","",1.780000e+02,5.790000e+02,2.150000e-04,3.407361e-02,1.883013e-01,1.184209e+00,6.080703e+01
"63","Triclopyr","",0.000000e+00,6.000000e+00,9.024451e-07,1.842200e-06,3.384311e-06,4.582542e-06,4.863490e-06
"64","Zinc","",0.000000e+00,6.000000e+00,1.428297e-03,1.879314e-03,2.183023e-03,4.238062e-03,6.072468e-03
"65","Zinc dissolved","",0.000000e+00,5.000000e+00,6.655258e-06,7.838531e-04,1.221952e-03,1.614990e-03,1.928976e-03
"66","Benzene","BOTTLEDIP",3.200000e+01,1.200000e+02,9.910880e-06,7.422541e-05,2.387531e-04,7.153532e-04,8.715911e-03
"67","Diesel Fuel","BOTTLEDIP",3.000000e+00,4.200000e+01,1.899151e-03,3.530963e-03,6.435678e-03,1.426920e-02,8.674954e-02
"68","Diesel Range Organics","BOTTLEDIP",3.200000e+01,1.200000e+02,1.982176e-03,3.312372e-02,7.521508e-02,2.645072e-01,1.716406e+00
"69","Ethylbenzene","BOTTLEDIP",3.200000e+01,1.200000e+02,9.910880e-06,7.422541e-05,2.387531e-04,7.149992e-04,8.715911e-03
"70","Gasoline Range Organics","BOTTLEDIP",3.500000e+01,1.490000e+02,9.910880e-04,6.624007e-03,1.422548e-02,5.289791e-02,8.715911e-01
"71","Heavy Fuel Oil","BOTTLEDIP",3.100000e+01,1.190000e+02,3.964352e-03,4.018324e-02,1.411762e-01,5.074717e-01,2.941276e+00
"72","Motor Oil","BOTTLEDIP",3.000000e+00,4.200000e+01,2.948034e-03,5.854106e-03,9.385547e-03,2.587240e-02,7.193940e-02
"73","Toluene","BOTTLEDIP",3.200000e+01,1.200000e+02,9.910880e-06,7.422541e-05,2.387531e-04,7.153532e-04,8.715911e-03
"74","Total Xylenes","BOTTLEDIP",3.200000e+01,1.200000e+02,9.910880e-06,7.422541e-05,2.387531e-04,7.153532e-04,8.715911e-03
"75","2-Methylnaphthalene","COMP-CT-CV",0.000000e+00,3.200000e+01,1.321828e-06,2.726144e-06,5.065592e-06,8.186571e-06,3.125325e-05
"76","2,4-D","COMP-CT-CV",0.000000e+00,2.300000e+01,2.774290e-05,8.497147e-05,5.685730e-04,1.112928e-03,2.076528e-03
"77","Acenaphthene","COMP-CT-CV",0.000000e+00,3.200000e+01,1.852938e-06,3.921105e-06,6.264186e-06,9.457804e-06,2.163687e-05
"78","Acenaphthylene","COMP-CT-CV",0.000000e+00,3.200000e+01,7.930969e-07,2.810214e-06,4.779876e-06,6.715737e-06,1.732705e-05
"79","Anthracene","COMP-CT-CV",0.000000e+00,3.200000e+01,1.393187e-06,3.119723e-06,4.384007e-06,6.402428e-06,1.923277e-05
"80","Benz(a)anthracene","COMP-CT-CV",0.000000e+00,3.200000e+01,6.965933e-07,1.893792e-06,4.509465e-06,6.897563e-06,3.125325e-05
"81","Benzo(a)pyrene","COMP-CT-CV",0.000000e+00,3.200000e+01,1.393187e-06,3.787584e-06,5.663204e-06,6.774086e-06,2.644506e-05
"82","Benzo(b,k)fluoranthene","COMP-CT-CV",0.000000e+00,3.200000e+01,1.044890e-06,5.577660e-06,9.786286e-06,1.494915e-05,7.212289e-05
"83","Benzo(g,h,i)perylene","COMP-CT-CV",0.000000e+00,3.200000e+01,1.321828e-06,2.800553e-06,5.719144e-06,1.098301e-05,5.529422e-05
"84","Bis(2-ethylhexyl) phthalate","COMP-CT-CV",0.000000e+00,3.100000e+01,1.077351e-04,3.871719e-04,6.092360e-04,8.767689e-04,4.340965e-03
"85","Butyl benzyl phthalate","COMP-CT-CV",0.000000e+00,3.200000e+01,5.049384e-05,1.165057e-04,2.103372e-04,3.443244e-04,7.028720e-04
"86","Cadmium","COMP-CT-CV",0.000000e+00,3.300000e+01,4.856846e-05,1.053528e-04,2.219522e-04,3.805778e-04,2.423695e-03
"87","Cadmium dissolved","COMP-CT-CV",0.000000e+00,3.300000e+01,1.356873e-05,4.815731e-05,9.235790e-05,1.585741e-04,1.860513e-03
"88","Chloride","COMP-CT-CV",0.000000e+00,1.800000e+01,4.433430e+00,2.009891e+01,2.777963e+01,7.561752e+01,2.038640e+02
"89","Chlorpyrifos","COMP-CT-CV",0.000000e+00,3.200000e+01,1.586194e-06,4.928123e-06,1.065278e-05,1.696035e-05,4.327373e-05
"90","Chrysene","COMP-CT-CV",0.000000e+00,3.200000e+01,7.941163e-07,1.861178e-06,4.797107e-06,9.933180e-06,6.250650e-05
"91","Copper","COMP-CT-CV",0.000000e+00,3.300000e+01,2.003608e-03,5.056126e-03,1.018071e-02,1.823602e-02,3.310362e-02
"92","Copper dissolved","COMP-CT-CV",0.000000e+00,3.200000e+01,4.197431e-04,1.469982e-03,2.909829e-03,3.919523e-03,9.919038e-03
"93","Di-N-Octyl Phthalate","COMP-CT-CV",0.000000e+00,3.200000e+01,1.900489e-05,4.674642e-05,8.416288e-05,1.756704e-04,7.921528e-04
"94","Diazinon","COMP-CT-CV",0.000000e+00,3.200000e+01,1.321828e-06,4.103812e-06,7.298938e-06,1.394197e-05,5.048602e-05
"95","Dibenzo(a,h)anthracene","COMP-CT-CV",0.000000e+00,3.200000e+01,9.049950e-07,2.150583e-06,3.601031e-06,6.595691e-06,1.682867e-05
"96","Dibutyl phthalate","COMP-CT-CV",0.000000e+00,3.200000e+01,9.019738e-05,1.573294e-04,2.442471e-04,4.025152e-04,8.254220e-04
"97","Dichlobenil","COMP-CT-CV",0.000000e+00,3.100000e+01,4.524975e-06,1.318761e-05,1.880802e-05,2.851219e-05,8.509482e-05
"98","Diethyl phthalate","COMP-CT-CV",0.000000e+00,3.200000e+01,4.071231e-05,1.185575e-04,1.426770e-04,2.584694e-04,5.218517e-04
"99","Dimethyl phthalate","COMP-CT-CV",0.000000e+00,3.200000e+01,1.079720e-05,5.407967e-05,9.412726e-05,1.799460e-04,5.507632e-04
"100","Fluoranthene","COMP-CT-CV",0.000000e+00,3.200000e+01,1.323527e-06,5.271172e-06,1.197899e-05,2.668505e-05,1.202048e-04
"101","Fluorene","COMP-CT-CV",0.000000e+00,3.200000e+01,1.044890e-06,3.585607e-06,6.255040e-06,8.495040e-06,2.644506e-05
"102","Hardness as CaCO3","COMP-CT-CV",0.000000e+00,3.300000e+01,1.164121e+01,2.327046e+01,3.104510e+01,4.952070e+01,1.075472e+02
"103","Indeno(1,2,3-cd)pyrene","COMP-CT-CV",0.000000e+00,3.200000e+01,1.057463e-06,2.457190e-06,3.908392e-06,6.595691e-06,2.163687e-05
"104","Lead","COMP-CT-CV",0.000000e+00,3.300000e+01,1.006876e-03,1.946531e-03,4.939486e-03,9.532767e-03,2.235910e-02
"105","Lead dissolved","COMP-CT-CV",0.000000e+00,3.300000e+01,2.789833e-05,1.343990e-04,1.852202e-04,2.847778e-04,3.853350e-03
"106","Malathion","COMP-CT-CV",0.000000e+00,3.200000e+01,2.114925e-06,6.615229e-06,1.202643e-05,2.075522e-05,4.567783e-05
"107","Mecoprop","COMP-CT-CV",0.000000e+00,2.300000e+01,1.507416e-05,5.188278e-05,3.057538e-04,7.930261e-04,1.691193e-03
"108","Mercury","COMP-CT-CV",0.000000e+00,3.300000e+01,6.340530e-06,1.900199e-05,3.166668e-05,5.252766e-05,1.202048e-04
"109","Mercury dissolved","COMP-CT-CV",0.000000e+00,3.300000e+01,6.340530e-06,1.900199e-05,3.161712e-05,5.171497e-05,1.202048e-04
"110","Naphthalene","COMP-CT-CV",0.000000e+00,3.100000e+01,2.446031e-06,4.777189e-06,1.113700e-05,1.662450e-05,7.212289e-05
"111","Nitrite-Nitrate","COMP-CT-CV",0.000000e+00,2.000000e+01,2.568332e-02,9.659365e-02,1.459476e-01,1.947904e-01,1.405006e+00
"112","Ortho-phosphate dissolved","COMP-CT-CV",0.000000e+00,2.200000e+01,3.017047e-03,6.587394e-03,1.385498e-02,2.734019e-02,4.814252e-02
"113","Pentachlorophenol","COMP-CT-CV",0.000000e+00,2.300000e+01,1.570225e-05,8.522066e-05,2.716714e-04,7.829878e-04,1.669785e-03
"114","Phenanthrene","COMP-CT-CV",0.000000e+00,3.200000e+01,3.057538e-06,6.226057e-06,1.581741e-05,2.517689e-05,1.226089e-04
"115","Prometon","COMP-CT-CV",0.000000e+00,3.000000e+01,7.220756e-06,2.700097e-05,6.156780e-05,1.067344e-04,2.981079e-03
"116","Pyrene","COMP-CT-CV",0.000000e+00,3.200000e+01,3.176465e-06,7.002377e-06,1.566551e-05,3.175623e-05,1.490540e-04
"117","Surfactants","COMP-CT-CV",0.000000e+00,2.400000e+01,1.681646e-02,5.230688e-02,7.145988e-02,1.013480e-01,1.971359e-01
"118","Total Kjeldahl Nitrogen","COMP-CT-CV",0.000000e+00,2.100000e+01,1.117955e-02,4.370188e-01,6.052404e-01,1.046589e+00,3.053202e+00
"119","Total Phosphorus","COMP-CT-CV",0.000000e+00,1.900000e+01,2.935237e-02,7.628532e-02,1.143489e-01,2.257370e-01,4.375455e-01
"120","Total Suspended Solids","COMP-CT-CV",0.000000e+00,3.000000e+01,3.054816e+00,1.163191e+01,2.438092e+01,6.073693e+01,1.269363e+02
"121","Triclopyr","COMP-CT-CV",0.000000e+00,2.300000e+01,2.449551e-05,7.926730e-05,3.669046e-04,1.003831e-03,2.140750e-03
"122","Zinc","COMP-CT-CV",0.000000e+00,3.200000e+01,1.420279e-02,3.698636e-02,6.948986e-02,1.160554e-01,2.569418e-01
"123","Zinc dissolved","COMP-CT-CV",0.000000e+00,3.200000e+01,4.590544e-03,1.920792e-02,2.979680e-02,5.415139e-02,1.226933e-01
"124","1-Methylnaphthalene","COMP-CT-VPFVI",4.000000e+00,3.200000e+01,2.150000e-07,5.582500e-07,9.575000e-07,1.359750e-06,8.265000e-06
"125","2-Methylnaphthalene","COMP-CT-VPFVI",4.000000e+00,3.300000e+01,2.150000e-07,5.610000e-07,9.860000e-07,1.586000e-06,8.265000e-06
"126","2,4-D","COMP-CT-VPFVI",4.000000e+00,3.200000e+01,2.107000e-07,4.794000e-07,8.128000e-07,1.374400e-06,6.612000e-06
"127","Acenaphthene","COMP-CT-VPFVI",4.000000e+00,3.300000e+01,2.150000e-07,5.610000e-07,9.860000e-07,1.586000e-06,8.265000e-06
"128","Acenaphthylene","COMP-CT-VPFVI",4.000000e+00,3.300000e+01,2.150000e-07,5.610000e-07,9.860000e-07,1.586000e-06,8.265000e-06
"129","Anthracene","COMP-CT-VPFVI",4.000000e+00,3.300000e+01,2.150000e-07,5.610000e-07,9.860000e-07,1.586000e-06,8.265000e-06
"130","Benz(a)anthracene","COMP-CT-VPFVI",4.000000e+00,3.300000e+01,2.150000e-07,5.610000e-07,9.860000e-07,1.698000e-06,8.265000e-06
"131","Benzo(a)pyrene","COMP-CT-VPFVI",4.000000e+00,3.300000e+01,2.150000e-07,5.610000e-07,9.860000e-07,1.586000e-06,8.265000e-06
"132","Benzo(b)fluoranthene","COMP-CT-VPFVI",4.000000e+00,3.300000e+01,2.150000e-07,5.610000e-07,9.860000e-07,1.586000e-06,8.265000e-06
"133","Benzo(g,h,i)perylene","COMP-CT-VPFVI",4.000000e+00,3.300000e+01,2.150000e-07,5.610000e-07,9.860000e-07,1.586000e-06,8.265000e-06
"134","Benzo(k)fluoranthene","COMP-CT-VPFVI",4.000000e+00,3.300000e+01,2.150000e-07,5.610000e-07,9.860000e-07,1.586000e-06,8.265000e-06
"135","Bis(2-ethylhexyl) phthalate","COMP-CT-VPFVI",3.000000e+00,2.200000e+01,5.790000e-06,1.426950e-05,2.192190e-05,4.245250e-05,3.800520e-04
"136","Butyl benzyl phthalate","COMP-CT-VPFVI",4.000000e+00,3.300000e+01,2.150000e-06,5.610000e-06,9.860000e-06,1.586000e-05,8.265000e-05
"137","Cadmium","COMP-CT-VPFVI",4.000000e+00,3.300000e+01,2.322000e-07,9.860000e-07,2.068900e-06,2.035000e-05,9.465300e-05
"138","Cadmium dissolved","COMP-CT-VPFVI",4.000000e+00,3.300000e+01,1.440500e-07,2.976000e-07,6.792000e-07,9.708000e-07,1.528400e-05
"139","Chloride","COMP-CT-VPFVI",1.000000e+00,2.000000e+00,4.165560e+01,4.165560e+01,4.165560e+01,4.165560e+01,4.165560e+01
"140","Chlorpyrifos","COMP-CT-VPFVI",4.000000e+00,3.200000e+01,5.160000e-08,1.378800e-07,2.615700e-07,1.844925e-06,2.479500e-05
"141","Chrysene","COMP-CT-VPFVI",4.000000e+00,3.300000e+01,2.150000e-07,5.610000e-07,9.860000e-07,1.698000e-06,8.265000e-06
"142","Copper","COMP-CT-VPFVI",4.000000e+00,3.300000e+01,6.170500e-06,3.657500e-05,5.868200e-05,9.375000e-05,6.859950e-04
"143","Copper dissolved","COMP-CT-VPFVI",4.000000e+00,3.300000e+01,4.429000e-06,1.746100e-05,3.118500e-05,4.758000e-05,5.289600e-04
"144","Di-N-Octyl Phthalate","COMP-CT-VPFVI",4.000000e+00,3.300000e+01,2.150000e-06,5.610000e-06,9.860000e-06,1.586000e-05,8.265000e-05
"145","Diazinon","COMP-CT-VPFVI",4.000000e+00,3.200000e+01,5.160000e-08,1.378800e-07,2.615700e-07,1.752375e-06,9.918000e-06
"146","Dibenzo(a,h)anthracene","COMP-CT-VPFVI",4.000000e+00,3.300000e+01,2.150000e-07,5.610000e-07,9.860000e-07,1.586000e-06,8.265000e-06
"147","Dibutyl phthalate","COMP-CT-VPFVI",4.000000e+00,3.300000e+01,2.150000e-06,5.610000e-06,9.860000e-06,1.586000e-05,8.265000e-05
"148","Dichlobenil","COMP-CT-VPFVI",4.000000e+00,3.200000e+01,5.160000e-08,1.755875e-07,2.652300e-07,1.752375e-06,9.918000e-06
"149","Diethyl phthalate","COMP-CT-VPFVI",4.000000e+00,3.300000e+01,2.150000e-06,5.610000e-06,9.860000e-06,1.586000e-05,8.265000e-05
"150","Dimethyl phthalate","COMP-CT-VPFVI",4.000000e+00,3.300000e+01,2.150000e-06,5.610000e-06,9.860000e-06,1.586000e-05,8.265000e-05
"151","Fluoranthene","COMP-CT-VPFVI",4.000000e+00,3.300000e+01,2.150000e-07,5.610000e-07,9.860000e-07,1.698000e-06,8.265000e-06
"152","Fluorene","COMP-CT-VPFVI",4.000000e+00,3.300000e+01,2.150000e-07,5.610000e-07,9.860000e-07,1.586000e-06,8.265000e-06
"153","Hardness as CaCO3","COMP-CT-VPFVI",4.000000e+00,3.300000e+01,1.480500e-02,5.068800e-02,9.219200e-02,4.074070e-01,3.935630e+01
"154","Indeno(1,2,3-cd)pyrene","COMP-CT-VPFVI",4.000000e+00,3.300000e+01,2.150000e-07,5.610000e-07,9.860000e-07,1.586000e-06,8.265000e-06
"155","Lead","COMP-CT-VPFVI",4.000000e+00,3.300000e+01,1.324400e-05,4.932840e-05,1.299140e-04,2.276250e-04,2.346960e-03
"156","Lead dissolved","COMP-CT-VPFVI",4.000000e+00,3.300000e+01,7.718500e-07,4.216000e-06,7.207200e-06,1.338700e-05,1.057920e-04
"157","Malathion","COMP-CT-VPFVI",4.000000e+00,3.200000e+01,5.160000e-08,1.378800e-07,2.615700e-07,1.844925e-06,2.479500e-05
"158","Mecoprop","COMP-CT-VPFVI",4.000000e+00,3.200000e+01,2.107000e-07,4.794000e-07,8.128000e-07,1.374400e-06,6.612000e-06
"159","Mercury","COMP-CT-VPFVI",4.000000e+00,3.300000e+01,1.972000e-08,4.595000e-08,7.302000e-08,1.560600e-07,1.239750e-06
"160","Mercury dissolved","COMP-CT-VPFVI",4.000000e+00,3.300000e+01,5.790000e-09,3.172000e-08,4.730000e-08,1.065900e-07,5.785500e-07
"161","Naphthalene","COMP-CT-VPFVI",4.000000e+00,3.200000e+01,2.150000e-07,5.708725e-07,9.935000e-07,1.636260e-06,8.265000e-06
"162","Nitrite-Nitrate","COMP-CT-VPFVI",4.000000e+00,3.100000e+01,6.060000e-05,6.257700e-04,1.285900e-03,2.532985e-03,3.253800e-01
"163","Ortho-phosphate","COMP-CT-VPFVI",4.000000e+00,2.900000e+01,3.472000e-05,1.039500e-04,1.672200e-04,3.396000e-04,3.056800e-03
"164","Pentachlorophenol","COMP-CT-VPFVI",4.000000e+00,3.300000e+01,5.783500e-07,2.656940e-06,6.701400e-06,1.327040e-05,6.926070e-05
"165","Phenanthrene","COMP-CT-VPFVI",4.000000e+00,3.200000e+01,2.150000e-07,5.925000e-07,9.240000e-07,1.614000e-06,8.265000e-06
"166","Prometon","COMP-CT-VPFVI",4.000000e+00,3.200000e+01,5.160000e-08,1.378800e-07,2.615700e-07,1.752375e-06,9.918000e-06
"167","Pyrene","COMP-CT-VPFVI",4.000000e+00,3.300000e+01,2.150000e-07,5.610000e-07,9.860000e-07,1.698000e-06,8.265000e-06
"168","Surfactants","COMP-CT-VPFVI",4.000000e+00,3.300000e+01,9.700000e-05,5.373000e-04,1.201200e-03,1.907400e-03,1.653000e-02
"169","Total Kjeldahl Nitrogen","COMP-CT-VPFVI",4.000000e+00,3.000000e+01,1.075000e-03,3.152750e-03,5.818000e-03,1.292625e-02,4.132500e-02
"170","Total Phosphorus","COMP-CT-VPFVI",4.000000e+00,2.900000e+01,4.300000e-05,1.925000e-04,3.172000e-04,9.180000e-04,3.967200e-03
"171","Total Suspended Solids","COMP-CT-VPFVI",4.000000e+00,3.300000e+01,1.376000e-02,5.605600e-02,1.744200e-01,2.886600e-01,3.200400e+00
"172","Triclopyr","COMP-CT-VPFVI",4.000000e+00,3.200000e+01,2.107000e-07,4.794000e-07,8.128000e-07,1.374400e-06,6.612000e-06
"173","Zinc","COMP-CT-VPFVI",4.000000e+00,3.300000e+01,3.913000e-04,1.280400e-03,2.232840e-03,3.514820e-03,2.372055e-02
"174","Zinc dissolved","COMP-CT-VPFVI",4.000000e+00,3.300000e+01,2.580000e-04,9.176000e-04,1.474560e-03,2.385320e-03,2.148900e-02
"175","1-Methylnaphthalene","COMP-CV-CFVI",4.000000e+00,2.520000e+02,2.653567e-07,7.123211e-06,4.613090e-05,1.872314e-04,4.733119e-03
"176","2-Methylnaphthalene","COMP-CV-CFVI",1.400000e+01,5.630000e+02,2.000000e-08,5.830288e-06,2.967006e-05,1.420144e-04,2.153575e-02
"177","2,4-D","COMP-CV-CFVI",1.400000e+01,5.220000e+02,2.122854e-07,1.653030e-05,5.144070e-05,3.101029e-04,3.186899e-01
"178","Acenaphthene","COMP-CV-CFVI",1.400000e+01,5.630000e+02,2.000000e-08,5.617487e-06,2.782732e-05,1.183641e-04,2.895619e-03
"179","Acenaphthylene","COMP-CV-CFVI",1.400000e+01,5.630000e+02,2.000000e-08,4.692773e-06,2.384112e-05,1.203322e-04,2.743218e-03
"180","Ammonia","COMP-CV-CFVI",0.000000e+00,7.100000e+01,2.745583e-03,2.695588e-02,2.306415e-01,4.437172e-01,2.814781e+00
"181","Anthracene","COMP-CV-CFVI",1.400000e+01,5.630000e+02,2.068000e-08,6.352279e-06,2.806279e-05,1.279781e-04,2.338464e-03
"182","Aresenic dissolved","COMP-CV-CFVI",0.000000e+00,1.600000e+01,8.800000e-07,3.368000e-06,7.672500e-06,2.999400e-05,2.928640e-04
"183","Benz(a)anthracene","COMP-CV-CFVI",4.000000e+00,4.400000e+02,3.760000e-08,7.268675e-06,2.966724e-05,1.496699e-04,2.671656e-03
"184","Benzo(a)pyrene","COMP-CV-CFVI",1.400000e+01,5.600000e+02,9.320000e-08,8.622056e-06,3.361542e-05,1.449877e-04,2.374805e-03
"185","Benzo(b)fluoranthene","COMP-CV-CFVI",1.300000e+01,3.200000e+02,1.250200e-07,7.342960e-06,2.894164e-05,1.015118e-04,1.063112e-03
"186","Benzo(b,k)fluoranthene","COMP-CV-CFVI",0.000000e+00,9.400000e+01,5.493176e-06,6.123142e-05,2.032077e-04,6.788710e-04,4.873038e-03
"187","Benzo(g,h,i)perylene","COMP-CV-CFVI",1.400000e+01,5.620000e+02,2.000000e-08,8.317824e-06,3.807392e-05,1.446593e-04,2.968507e-03
"188","Benzo(k)fluoranthene","COMP-CV-CFVI",1.300000e+01,3.200000e+02,7.320000e-08,7.928704e-06,2.644860e-05,8.957674e-05,3.486364e-03
"189","Benzofluoranthenes, Total","COMP-CV-CFVI",1.000000e+00,1.490000e+02,2.190200e-07,9.237028e-06,4.644405e-05,2.766488e-04,6.134914e-03
"190","Bis(2-ethylhexyl) phthalate","COMP-CV-CFVI",1.400000e+01,5.630000e+02,8.840000e-07,8.937348e-05,7.126962e-04,4.252447e-03,1.578864e-01
"191","Butyl benzyl phthalate","COMP-CV-CFVI",1.400000e+01,5.620000e+02,1.034000e-07,3.760118e-05,2.235531e-04,1.495708e-03,5.195049e-02
"192","Cadmium","COMP-CV-CFVI",1.400000e+01,5.670000e+02,1.100000e-07,8.221783e-06,5.590843e-05,3.975679e-04,5.189195e-02
"193","Cadmium dissolved","COMP-CV-CFVI",1.300000e+01,5.640000e+02,1.000000e-07,3.519070e-06,2.042156e-05,1.729007e-04,3.251108e-02
"194","Calcium","COMP-CV-CFVI",1.200000e+01,3.470000e+02,5.940000e-03,1.332990e-01,8.264493e-01,6.907849e+00,2.951452e+02
"195","Calcium dissolved","COMP-CV-CFVI",0.000000e+00,2.000000e+00,7.597327e-02,7.920952e-02,8.244577e-02,8.568202e-02,8.891827e-02
"196","Chloride","COMP-CV-CFVI",1.300000e+01,5.250000e+02,1.054000e-03,1.127423e-01,1.115569e+00,9.322222e+00,8.054339e+02
"197","Chlorpyrifos","COMP-CV-CFVI",1.400000e+01,5.530000e+02,6.800000e-08,7.038141e-06,2.661779e-05,1.383349e-04,5.212557e-03
"198","Chrysene","COMP-CV-CFVI",1.400000e+01,5.630000e+02,1.092000e-07,1.011306e-05,4.113683e-05,1.533468e-04,3.558017e-03
"199","Copper","COMP-CV-CFVI",1.400000e+01,5.590000e+02,6.796032e-06,8.101566e-04,3.768076e-03,3.535178e-02,1.420371e+00
"200","Copper dissolved","COMP-CV-CFVI",1.100000e+01,5.320000e+02,6.796032e-06,3.381200e-04,1.476024e-03,1.049197e-02,1.284188e+00
"201","Di-N-Octyl Phthalate","COMP-CV-CFVI",1.400000e+01,5.610000e+02,5.000000e-08,2.857634e-05,1.783958e-04,1.114325e-03,3.580417e-02
"202","Diazinon","COMP-CV-CFVI",1.400000e+01,5.530000e+02,8.600000e-08,6.847206e-06,2.380254e-05,1.236363e-04,5.212557e-03
"203","Dibenzo(a,h)anthracene","COMP-CV-CFVI",1.400000e+01,5.630000e+02,2.000000e-08,6.358986e-06,2.701993e-05,1.251657e-04,3.486364e-03
"204","Dibutyl phthalate","COMP-CV-CFVI",1.400000e+01,5.620000e+02,8.580000e-08,3.054227e-05,1.995542e-04,1.345595e-03,4.631245e-02
"205","Dichlobenil","COMP-CV-CFVI",1.400000e+01,5.210000e+02,8.203490e-08,7.450490e-06,4.898240e-05,2.176429e-04,1.626652e-02
"206","Diethyl phthalate","COMP-CV-CFVI",1.400000e+01,5.630000e+02,2.684000e-07,2.910574e-05,2.591623e-04,1.570387e-03,7.269041e-02
"207","Dimethyl phthalate","COMP-CV-CFVI",1.400000e+01,5.630000e+02,5.280000e-08,2.454783e-05,1.783958e-04,1.203168e-03,7.671758e-02
"208","Fluoranthene","COMP-CV-CFVI",1.400000e+01,5.620000e+02,2.000000e-08,1.272636e-05,5.831190e-05,2.125034e-04,5.838063e-03
"209","Fluorene","COMP-CV-CFVI",1.400000e+01,5.630000e+02,2.000000e-08,5.873301e-06,2.863961e-05,1.168776e-04,4.572031e-03
"210","Hardness as CaCO3","COMP-CV-CFVI",1.400000e+01,5.700000e+02,2.068000e-02,1.371390e+00,8.749273e+00,7.159726e+01,6.225873e+03
"211","Indeno(1,2,3-cd)pyrene","COMP-CV-CFVI",1.400000e+01,5.630000e+02,2.000000e-08,7.822278e-06,3.242274e-05,1.407342e-04,2.374805e-03
"212","Lead","COMP-CV-CFVI",1.400000e+01,5.660000e+02,2.576829e-06,2.325665e-04,1.643362e-03,1.848452e-02,3.131108e+00
"213","Lead dissolved","COMP-CV-CFVI",1.400000e+01,5.570000e+02,2.600000e-07,1.291875e-05,6.994250e-05,1.451661e-03,1.135638e-01
"214","Magnesium","COMP-CV-CFVI",1.200000e+01,3.460000e+02,1.423400e-03,1.978282e-02,2.100675e-01,1.480346e+00,7.978015e+01
"215","Magnesium dissolved","COMP-CV-CFVI",0.000000e+00,2.000000e+00,9.420685e-03,9.911983e-03,1.040328e-02,1.089458e-02,1.138588e-02
"216","Malathion","COMP-CV-CFVI",1.400000e+01,5.520000e+02,9.600000e-08,6.625590e-06,2.520568e-05,1.565011e-04,1.042511e-02
"217","Mecoprop","COMP-CV-CFVI",1.400000e+01,5.340000e+02,2.122854e-07,2.134394e-05,1.844125e-04,3.273776e-03,5.232378e+00
"218","Mercury","COMP-CV-CFVI",5.000000e+00,3.840000e+02,5.307135e-08,4.357797e-06,4.125758e-05,1.854581e-04,1.097729e+00
"219","Mercury dissolved","COMP-CV-CFVI",5.000000e+00,3.720000e+02,5.307135e-08,5.516509e-06,4.471224e-05,1.652144e-04,1.219166e-02
"220","Naphthalene","COMP-CV-CFVI",1.400000e+01,5.590000e+02,2.068000e-08,6.725240e-06,3.141694e-05,1.424675e-04,1.119859e-02
"221","Nitrite-Nitrate","COMP-CV-CFVI",1.300000e+01,4.080000e+02,2.108000e-04,2.403827e-02,1.535113e-01,1.072952e+00,1.856525e+02
"222","Nitrite-Nitrate dissolved","COMP-CV-CFVI",1.000000e+00,1.250000e+02,4.551490e-04,3.966993e-03,3.020448e-02,7.732577e-02,5.263493e-01
"223","Ortho-phosphate","COMP-CV-CFVI",0.000000e+00,1.200000e+01,6.740984e-04,1.293444e-03,5.433994e-03,1.228658e-01,4.818016e-01
"224","Ortho-phosphate dissolved","COMP-CV-CFVI",1.200000e+01,2.720000e+02,5.331100e-05,7.890153e-04,5.693863e-03,6.023434e-02,4.631245e+00
"225","Ortho-Phosphate dissolved","COMP-CV-CFVI",0.000000e+00,8.600000e+01,5.808908e-04,4.184798e-03,3.042470e-02,1.884802e-01,5.860264e-01
"226","p-Cresol","COMP-CV-CFVI",0.000000e+00,2.600000e+01,1.000000e-07,8.401250e-07,1.158800e-06,3.456850e-06,1.476236e-04
"227","PCB-aroclor 1016","COMP-CV-CFVI",0.000000e+00,2.700000e+01,2.477154e-07,2.011951e-06,9.251665e-06,3.499815e-05,1.053470e-04
"228","PCB-aroclor 1221","COMP-CV-CFVI",0.000000e+00,2.700000e+01,2.477154e-07,2.011951e-06,9.251665e-06,3.499815e-05,1.053470e-04
"229","PCB-aroclor 1232","COMP-CV-CFVI",0.000000e+00,2.700000e+01,2.477154e-07,2.011951e-06,9.251665e-06,3.499815e-05,1.053470e-04
"230","PCB-aroclor 1242","COMP-CV-CFVI",0.000000e+00,2.700000e+01,2.477154e-07,2.011951e-06,9.251665e-06,3.499815e-05,1.053470e-04
"231","PCB-aroclor 1248","COMP-CV-CFVI",0.000000e+00,2.700000e+01,2.477154e-07,2.011951e-06,9.251665e-06,3.814415e-05,2.432526e-04
"232","PCB-aroclor 1254","COMP-CV-CFVI",0.000000e+00,2.700000e+01,2.477154e-07,3.662730e-06,1.001622e-05,4.798423e-05,5.038805e-04
"233","PCB-aroclor 1260","COMP-CV-CFVI",0.000000e+00,2.700000e+01,2.477154e-07,2.112113e-06,9.251665e-06,3.858022e-05,3.301286e-04
"234","Pentachlorophenol","COMP-CV-CFVI",1.400000e+01,5.290000e+02,2.000000e-07,1.345614e-05,7.390685e-05,6.972092e-04,1.267932e-01
"235","Phenanthrene","COMP-CV-CFVI",1.400000e+01,5.630000e+02,3.760000e-08,8.937348e-06,4.175312e-05,1.725813e-04,4.737866e-03
"236","Phenol","COMP-CV-CFVI",0.000000e+00,2.600000e+01,1.000000e-07,1.056300e-06,2.924250e-06,1.060607e-05,4.416120e-05
"237","Prometon","COMP-CV-CFVI",1.400000e+01,5.180000e+02,8.203490e-08,4.839132e-06,3.084407e-05,1.449877e-04,1.550460e-02
"238","Pyrene","COMP-CV-CFVI",1.400000e+01,5.620000e+02,1.250200e-07,1.242711e-05,5.733759e-05,2.219598e-04,5.145412e-03
"239","Surfactants","COMP-CV-CFVI",1.400000e+01,5.440000e+02,8.545302e-05,3.643686e-03,2.161496e-02,1.218988e-01,9.649629e+00
"240","Total Kjeldahl Nitrogen","COMP-CV-CFVI",1.400000e+01,5.280000e+02,9.240000e-04,6.643111e-02,3.222507e-01,1.736439e+00,1.295807e+02
"241","Total Phosphorus","COMP-CV-CFVI",1.500000e+01,5.750000e+02,2.265344e-04,7.631971e-03,4.191404e-02,1.776302e-01,1.971281e+01
"242","Total Phosphorus dissolved","COMP-CV-CFVI",1.000000e+00,1.250000e+02,3.453857e-05,4.504566e-04,4.200477e-03,1.786278e-02,3.548008e-01
"243","Total Suspended Solids","COMP-CV-CFVI",1.400000e+01,5.350000e+02,1.436000e-02,2.031730e+00,1.555521e+01,1.002228e+02,1.197989e+04
"244","Triclopyr","COMP-CV-CFVI",1.400000e+01,4.930000e+02,2.122854e-07,9.676714e-06,3.470000e-05,1.736685e-04,1.625554e-01
"245","Zinc","COMP-CV-CFVI",1.400000e+01,5.590000e+02,2.574000e-05,2.976750e-03,2.625924e-02,1.899264e-01,7.926481e+00
"246","Zinc dissolved","COMP-CV-CFVI",1.000000e+01,5.380000e+02,6.655258e-06,1.245060e-03,9.639905e-03,8.786875e-02,3.511197e+00
"247","Diesel Range Organics","GRAB-MISC",8.000000e+00,1.000000e+02,1.703946e-02,8.260636e-02,7.716894e-01,2.250422e+00,1.569713e+01
"248","Gasoline Range Organics","GRAB-MISC",6.000000e+00,7.000000e+01,6.136958e-03,7.377057e-02,2.863678e-01,9.898668e-01,3.810025e+00
"249","Motor Oil","GRAB-MISC",5.000000e+00,5.800000e+01,3.220300e-02,1.962069e-01,1.734110e+00,4.900454e+00,3.629155e+01
"250","2,4-D","HANDGRAB",2.100000e+01,2.100000e+01,NA,NA,NA,NA,NA
"251","Chlorpyrifos","HANDGRAB",2.100000e+01,2.100000e+01,NA,NA,NA,NA,NA
"252","Copper","HANDGRAB",2.100000e+01,2.100000e+01,NA,NA,NA,NA,NA
"253","Diazinon","HANDGRAB",2.100000e+01,2.100000e+01,NA,NA,NA,NA,NA
"254","Dichlobenil","HANDGRAB",2.100000e+01,2.100000e+01,NA,NA,NA,NA,NA
"255","Diesel Fuel","HANDGRAB",1.400000e+01,3.500000e+01,2.150000e-04,5.610000e-04,1.144000e-03,2.427000e-03,8.265000e-03
"256","Diesel Range Organics","HANDGRAB",1.200000e+02,2.620000e+02,7.531193e-04,1.536150e-02,7.601411e-02,2.529213e-01,1.949215e+01
"257","Gasoline Range Organics","HANDGRAB",1.210000e+02,2.670000e+02,7.028853e-04,6.942500e-03,2.020615e-02,8.060886e-02,1.754294e+00
"258","Heavy Fuel Oil","HANDGRAB",7.600000e+01,1.790000e+02,1.426963e-03,1.482028e-01,4.594118e-01,1.455921e+00,4.900865e+01
"259","Lube Oil","HANDGRAB",4.500000e+01,8.900000e+01,1.064000e-03,5.058750e-03,1.456700e-02,5.402200e-02,3.214431e-01
"260","Malathion","HANDGRAB",2.100000e+01,2.100000e+01,NA,NA,NA,NA,NA
"261","Mecoprop","HANDGRAB",2.100000e+01,2.100000e+01,NA,NA,NA,NA,NA
"262","Oil and grease","HANDGRAB",1.400000e+01,3.500000e+01,1.075000e-03,2.805000e-03,5.155000e-03,1.191260e-02,4.132500e-02
"263","Prometon","HANDGRAB",2.100000e+01,2.100000e+01,NA,NA,NA,NA,NA
"264","Total Phosphorus","HANDGRAB",2.100000e+01,2.100000e+01,NA,NA,NA,NA,NA
"265","Total Suspended Solids","HANDGRAB",2.100000e+01,2.100000e+01,NA,NA,NA,NA,NA
"266","TPHGx","HANDGRAB",1.400000e+01,3.500000e+01,1.075000e-04,2.805000e-04,5.155000e-04,8.890000e-04,8.265000e-03
"267","Triclopyr","HANDGRAB",2.100000e+01,2.100000e+01,NA,NA,NA,NA,NA
