"","ParamList.i.","case.code","pctCensor","nSamples","num.Detects","num.nonDetects","min.Detects","max.Detects","min.nonDetects","max.nonDetects","KM.mean","KM.mean.SE","KM.mean.95LCL","KM.mean.95UCL","KM.25ile","KM.median","KM.75ile","KM.90ile","KM.SD","PetoPrentice.pvalue","PetoPrentice.chisq","PetoPrentice.df","ROS.mean","ROS.25ile","ROS.median","ROS.75ile","ROS.90ile","ROS.SD","ROS_correlation","PPCC_test","wilcoxon_pvalue"
"1","dry   1-Methylnaphthalene","C",100,60,0,60,NA,NA,2.653567328e-07,0.002338463641,NA,NA,NA,NA,NA,NA,NA,NA,NA,NA,NA,NA,NA,NA,NA,NA,NA,NA,NA,NA,NA
"2","dry   2-Methylnaphthalene","C",91.2,125,11,114,4.3945408256e-06,0.0013658137263,2e-08,0.002338463641,NA,NA,NA,NA,NA,NA,NA,NA,NA,NA,NA,NA,NA,NA,NA,NA,NA,NA,NA,NA,NA
"3","dry   2,4-D","B",69.3,114,35,79,5.6916e-06,0.31868986947,2.1228538624e-07,0.0330101963328,NA,NA,NA,NA,NA,NA,NA,NA,NA,NA,NA,NA,0.00569360833943632,3.09209366673663e-07,8.65023550662553e-07,3.3201448e-05,0.000370629693441,0.0401356476857183,0.961414261395393,NA,NA
"4","dry   Acenaphthene","C",94.4,125,7,118,3.4775295744e-06,0.00017839584,2e-08,0.002338463641,NA,NA,NA,NA,NA,NA,NA,NA,NA,NA,NA,NA,NA,NA,NA,NA,NA,NA,NA,NA,NA
"5","dry   Acenaphthylene","C",95.2,125,6,119,8.1053951682e-06,0.00017839584,2e-08,0.002338463641,NA,NA,NA,NA,NA,NA,NA,NA,NA,NA,NA,NA,NA,NA,NA,NA,NA,NA,NA,NA,NA
"6","dry   Ammonia","A",0,18,18,0,0.0027455827696,2.4725663424,NA,NA,0.435468365386205,0.144368257271971,0.15251178062233,0.71842495015008,0.0275860906393595,0.247158091799999,0.546694051679999,1.26308077488,0.612502642230567,0.0018123649449151,12.6262453743239,2,NA,NA,NA,NA,NA,NA,0.976832240492611,NA,NA
"7","dry   Anthracene","C",86.4,125,17,108,2.2e-08,0.00017839584,2.82e-08,0.002338463641,NA,NA,NA,NA,NA,NA,NA,NA,NA,NA,NA,NA,NA,NA,NA,NA,NA,NA,NA,NA,NA
"8","dry   Arsenic dissolved","A",0,2,2,0,9.2e-07,7.665e-06,NA,NA,4.2925e-06,3.3725e-06,-2.31747853786133e-06,1.09024785378613e-05,9.19999999999998e-07,NA,NA,NA,4.76943523910326e-06,NA,NA,NA,NA,NA,NA,NA,NA,NA,NA,NA,NA
"9","dry   Benz(a)anthracene","B",67,94,31,63,5.8e-08,0.000455435065092,1.1468e-07,0.002338463641,NA,NA,NA,NA,NA,NA,NA,NA,NA,NA,NA,NA,2.8116758407838e-05,3.79875307302861e-07,8.44878257086233e-07,4.4435572064e-06,6.71263222840001e-05,8.78218268297095e-05,0.983079162586059,NA,NA
"10","dry   Benzene","C",100,24,0,24,NA,NA,9.91088e-06,0.0023219776,NA,NA,NA,NA,NA,NA,NA,NA,NA,NA,NA,NA,NA,NA,NA,NA,NA,NA,NA,NA,NA
"11","dry   Benzo(a)pyrene","B",73.6,125,33,92,1.149e-07,0.000536762755287,1.1468e-07,0.002338463641,NA,NA,NA,NA,NA,NA,NA,NA,NA,NA,NA,NA,2.80803423040206e-05,3.25238516846767e-07,5.6369756187028e-07,2.94410638447809e-06,7.50998291206401e-05,9.16366363888783e-05,0.975984179687085,NA,NA
"12","dry   Benzo(b)fluoranthene","B",66.7,72,24,48,1.266e-07,0.000482544295157,3.29e-07,0.0003252750816,NA,NA,NA,NA,NA,NA,NA,NA,NA,NA,NA,NA,3.8059515258811e-05,6.2452049404219e-07,9.05677366350046e-07,1.42735857636e-05,0.00014828970141,9.98923030678459e-05,0.962550518667206,NA,NA
"13","dry   Benzo(b,k)fluoranthene","B",75,24,6,18,3.3835998833e-05,0.001701556512,3.768540762e-06,0.0018210849684,NA,NA,NA,NA,NA,NA,NA,NA,NA,NA,NA,NA,NA,NA,NA,NA,NA,NA,0.963893734701167,NA,NA
"14","dry   Benzo(g,h,i)perylene","B",63.2,125,46,79,1.248e-07,0.00095287164672,2e-08,0.002338463641,NA,NA,NA,NA,NA,NA,NA,NA,NA,NA,NA,NA,4.18294671707381e-05,7.57836231333017e-07,1.58887362132577e-06,1.31158320576e-05,0.000100284711747,0.000126545146107594,0.978769531085392,NA,NA
"15","dry   Benzo(k)fluoranthene","B",72.2,72,20,52,7.32e-08,0.000482544295157,3.29e-07,0.0003252750816,NA,NA,NA,NA,NA,NA,NA,NA,NA,NA,NA,NA,2.95909563456628e-05,3.84500598889625e-07,4.82320558213811e-07,2.749125e-06,0.00010734304229,8.69103747171217e-05,0.95775767153299,NA,NA
"16","dry   Benzofluoranthenes, Total","B",65.5,29,10,19,2.979e-07,0.0002747295936,1.1468e-06,0.004676927282,NA,NA,NA,NA,NA,NA,NA,NA,NA,NA,NA,NA,NA,NA,NA,NA,NA,NA,0.973660993908914,NA,NA
"17","dry   Bis(2-ethylhexyl) phthalate","A",43.5,124,70,54,4.2457077248e-06,0.0710223137676,8.84e-07,0.0251830363776,0.00281805965546359,0.000881440657716938,0.0010904677118291,0.00454565159909809,1.22032948609851e-05,6.76635599359959e-05,0.000758323903999991,0.00429479396731999,0.00981530776397164,0.00730689878388402,12.0223768061199,3,NA,NA,NA,NA,NA,NA,0.990966229238395,NA,NA
"18","dry   BTEX","C",100,24,0,24,NA,NA,9.91088e-06,0.0023219776,NA,NA,NA,NA,NA,NA,NA,NA,NA,NA,NA,NA,NA,NA,NA,NA,NA,NA,NA,NA,NA
"19","dry   Butyl benzyl phthalate","C",84.8,125,19,106,3.16e-07,0.00571288631502,8.1098748864e-07,0.0511421361959,NA,NA,NA,NA,NA,NA,NA,NA,NA,NA,NA,NA,NA,NA,NA,NA,NA,NA,NA,NA,NA
"20","dry   Cadmium","A",19.5,123,99,24,1.59e-07,0.0188178780068,6.1e-07,0.0005097024,0.00073194446738404,0.000230752276437015,0.000279678316216861,0.00118421061855122,4.44454206629391e-06,2.66341392861948e-05,0.000185305139199995,0.001319603954487,0.00255916654576179,0.000164484924324415,20.0659299810361,3,NA,NA,NA,NA,NA,NA,0.998040257480818,NA,NA
"21","dry   Cadmium dissolved","A",41.3,121,71,50,1.645e-07,0.0063737973894,1e-07,0.0059185261473,0.000163841863618886,6.15389950149475e-05,4.32276497447987e-05,0.000284456077492973,9.10419999999856e-07,3.87110477700035e-06,2.99253075072003e-05,0.000255071375818001,0.000676928945164422,0.010123821233171,11.3182378407736,3,NA,NA,NA,NA,NA,NA,0.991119396412855,NA,NA
"22","dry   Calcium","A",0,73,73,0,0.00598,84.985512832,NA,NA,7.52511809169988,1.90508131477021,3.79122732713005,11.2590088562697,0.130666488912993,0.534485263359997,4.0001444352,27.8052853275,16.2770218885311,2.48836293015309e-06,28.7821251077826,3,NA,NA,NA,NA,NA,NA,0.987991112457876,NA,NA
"23","dry   Calcium dissolved","A",0,2,2,0,0.075973266475,0.0889182746132,NA,NA,0.0824457705441,0.0064725040691,0.069759895678875,0.0951316454093249,0.075973266475,NA,NA,NA,0.00915350303703627,NA,NA,NA,NA,NA,NA,NA,NA,NA,NA,NA,NA
"24","dry   Chloride","A",4.7,107,102,5,0.001624,286.820882523,0.007928704,0.2690096,12.9110820518965,4.31151343337513,4.46067100362059,21.3614931001724,0.0770216959999743,0.556837978909982,3.58207519999996,16.091304768,44.5986417418808,0.0736753769288748,6.94488501125468,3,NA,NA,NA,NA,NA,NA,0.996144901051412,NA,NA
"25","dry   Chlorpyrifos","C",99.2,122,1,121,1.28599614528e-05,1.28599614528e-05,6.8e-08,0.0022763562105,NA,NA,NA,NA,NA,NA,NA,NA,NA,NA,NA,NA,NA,NA,NA,NA,NA,NA,NA,NA,NA
"26","dry   Chrysene","B",64.8,125,44,81,1.092e-07,0.0011910895584,1.1468e-07,0.002338463641,NA,NA,NA,NA,NA,NA,NA,NA,NA,NA,NA,NA,4.99212603276451e-05,6.13874571648944e-07,1.46971892739228e-06,1.407998086935e-05,0.00011810251447704,0.000157299035410102,0.975639247899748,NA,NA
"27","dry   Copper","A",2.5,122,119,3,1.196e-05,1.173082233811,6.796032e-06,7.928704e-06,0.0596719200492199,0.0158321336217182,0.0286415083522265,0.0907023317462132,0.000646982246400141,0.0029765934611401,0.01868891526752,0.1533788533376,0.174871631524226,0.0123323383597261,10.890609625494,3,NA,NA,NA,NA,NA,NA,0.993783949287427,NA,NA
"28","dry   Copper dissolved","A",2.7,111,108,3,7.8e-06,0.415814401118,6.796032e-06,7.928704e-06,0.02279877850694,0.00582001641925603,0.0113917559357664,0.0342058010781136,0.000408625304880061,0.00122017343224701,0.0099190380700801,0.0605411357705,0.0613176778291993,0.0150277127305177,10.4610132006417,3,NA,NA,NA,NA,NA,NA,0.991560624934983,NA,NA
"29","dry   CPAH","B",59.2,125,51,74,4.662e-07,0.00435598467072,3.29e-07,0.002338463641,NA,NA,NA,NA,NA,NA,NA,NA,NA,NA,NA,NA,0.00020620160671269,8.32754248825594e-07,2.76966891263744e-06,4.6960439536e-05,0.000618308492489,0.00063180722311689,0.973829912704162,NA,NA
"30","dry   Di-N-Octyl Phthalate","C",91.2,125,11,114,4.7092e-06,0.0035594897208,5e-08,0.01701556512,NA,NA,NA,NA,NA,NA,NA,NA,NA,NA,NA,NA,NA,NA,NA,NA,NA,NA,NA,NA,NA
"31","dry   Diazinon","C",99.2,122,1,121,1.51981362624e-05,1.51981362624e-05,8.6e-08,0.001517570807,NA,NA,NA,NA,NA,NA,NA,NA,NA,NA,NA,NA,NA,NA,NA,NA,NA,NA,NA,NA,NA
"32","dry   Dibenzo(a,h)anthracene","B",79.2,125,26,99,4.7304e-07,0.00025159952528,2e-08,0.002338463641,NA,NA,NA,NA,NA,NA,NA,NA,NA,NA,NA,NA,1.34919170777349e-05,2.84622516260358e-07,3.90899068424465e-07,5.98836446509748e-07,2.97523145116001e-05,4.21877946411323e-05,0.959830369140543,NA,NA
"33","dry   Dibutyl phthalate","B",71.2,125,36,89,9.4e-08,0.00899468302876,2.541e-07,0.0447683388065,NA,NA,NA,NA,NA,NA,NA,NA,NA,NA,NA,NA,0.000255765322394928,1.44953452391043e-06,3.41264e-06,1.55694769330926e-05,0.00021425623552,0.00120421796903569,0.98814107831182,NA,NA
"34","dry   Dichlobenil","B",58.5,118,49,69,1.8095e-07,0.01243430285422,8.2034902272e-08,0.001666726848,NA,NA,NA,NA,NA,NA,NA,NA,NA,NA,NA,NA,0.000436758686853473,3.90746338150032e-07,1.09737254291184e-06,2.6405203624e-05,0.0003272646680878,0.00192144946173375,0.988659410187926,NA,NA
"35","dry   Diesel Fuel","A",43.8,16,9,7,0.0029661281664,0.086749536208,0.000329,0.008265,0.0144513103609525,0.00601287624593357,0.00266628947542629,0.0262363312464787,NA,0.00373455550399998,0.00863464182399999,0.055274761738,0.0240515049837343,NA,NA,NA,NA,NA,NA,NA,NA,NA,0.982521064606152,NA,NA
"36","dry   Diesel Range Organics","A",11.9,59,52,7,0.01486632,5.298356448,0.002318,0.09291190734,0.545625145542391,0.148784541595531,0.254012802558849,0.837237488525934,0.0294574007039987,0.0854034687999983,0.423044213791998,1.569062205,1.14283574902509,0.00131812427536893,15.6810795019291,3,NA,NA,NA,NA,NA,NA,0.992628373540786,NA,NA
"37","dry   Diethyl phthalate","B",69.6,125,38,87,6.28e-07,0.0046154684992,2.653567328e-06,0.0575159335853,NA,NA,NA,NA,NA,NA,NA,NA,NA,NA,NA,NA,0.000169260104458424,4.44178352410395e-06,7.9982901001354e-06,1.46292e-05,0.00019755627374784,0.000678100035015039,0.986378467799472,NA,NA
"38","dry   Dimethyl phthalate","C",85.6,125,18,107,6.2e-07,0.005494591872,7.2e-08,0.0611581035221,NA,NA,NA,NA,NA,NA,NA,NA,NA,NA,NA,NA,NA,NA,NA,NA,NA,NA,NA,NA,NA
"39","dry   Ethylbenzene","C",100,24,0,24,NA,NA,9.91088e-06,0.0023219776,NA,NA,NA,NA,NA,NA,NA,NA,NA,NA,NA,NA,NA,NA,NA,NA,NA,NA,NA,NA,NA
"40","dry   Fluoranthene","B",51.2,125,61,64,4.4652e-07,0.0018717121632,2e-08,0.002338463641,NA,NA,NA,NA,NA,NA,NA,NA,NA,NA,NA,NA,0.000111223481155775,1.24355802960565e-06,4.1424337478822e-06,4.7378367204e-05,0.000250165349349,0.000310916191365645,0.985741121342636,NA,NA
"41","dry   Fluorene","C",92,125,10,115,3.800397728e-06,0.00017839584,2e-08,0.002338463641,NA,NA,NA,NA,NA,NA,NA,NA,NA,NA,NA,NA,NA,NA,NA,NA,NA,NA,NA,NA,NA
"42","dry   Gasoline Range Organics","C",96.6,58,2,56,0.00096512715776,0.00720379392,0.000991088,1.39778804,NA,NA,NA,NA,NA,NA,NA,NA,NA,NA,NA,NA,NA,NA,NA,NA,NA,NA,NA,NA,NA
"43","dry   Hardness as CaCO3","A",0,127,127,0,0.014805,3884.98126592,NA,NA,163.325656352673,51.3187008896499,62.7428508755758,263.90846182977,0.638243681919448,4.80969343039942,32.6489872319989,148.484804159999,578.332387772958,0.000159844300500533,20.1258910507986,3,NA,NA,NA,NA,NA,NA,0.993690583380127,NA,NA
"44","dry   Heavy Fuel Oil","A",2.9,34,33,1,0.006860594304,1.07037504,0.0480252928,0.0480252928,0.268751753698882,0.0520689660334914,0.166698455561,0.370805051836765,0.0529892278399999,0.1217905568,0.432258981858,0.749262528,0.303611636155622,0.00310423700282703,13.8584913001663,3,NA,NA,NA,NA,NA,NA,0.991947743472802,NA,NA
"45","dry   HPAH","A",41.6,125,73,52,7.632e-07,0.0088480938624,3.29e-07,0.004676927282,0.000479046730231271,0.000114201711478706,0.000255215488760174,0.000702877971702369,7.63200000000047e-07,2.03465200000006e-05,0.0002712466272,0.0012140828,0.00127681395006602,0.0109135344431921,11.1556062651124,3,NA,NA,NA,NA,NA,NA,0.977783712857185,NA,NA
"46","dry   Indeno(1,2,3-cd)pyrene","B",70.4,125,37,88,9.78e-08,0.00054449808384,2e-08,0.002338463641,NA,NA,NA,NA,NA,NA,NA,NA,NA,NA,NA,NA,3.32050798622491e-05,4.05591968215285e-07,7.05152675012166e-07,3.3218494712e-06,9.29760324030001e-05,9.30022717797255e-05,0.966617411832258,NA,NA
"47","dry   Lead","A",2.4,125,122,3,2.5768288e-06,1.171564663004,6.796032e-06,7.928704e-06,0.0526165440615841,0.0157386874010253,0.0217692835916402,0.0834638045315279,0.000163529519999761,0.00132522623999987,0.00831602968649969,0.0795077637939998,0.17596387452656,0.00415396071518581,13.2355395118247,3,NA,NA,NA,NA,NA,NA,0.995037944008735,NA,NA
"48","dry   Lead dissolved","A",7.4,121,112,9,2.6e-07,0.0431505242943,1.3592064e-06,0.0002002111027,0.00253445346690648,0.000631578478979475,0.00129658239469612,0.00377232453911684,1.19406282239887e-05,4.61450572799976e-05,0.000627624881999994,0.00818483228767999,0.00694736326877422,0.00252728261347157,14.2972113007873,3,NA,NA,NA,NA,NA,NA,0.982274929010591,NA,NA
"49","dry   LPAH","A",44.8,125,69,56,1.33e-07,0.0037939270175,3.85e-07,0.002338463641,0.000146649693412089,4.32871792796394e-05,6.18083810316676e-05,0.000231491005792511,1.21855999999938e-06,8.26499999999949e-06,3.73739588969994e-05,0.000361922684159999,0.000483965377117471,0.0446165676783157,8.06852297576799,3,NA,NA,NA,NA,NA,NA,0.99219029052615,NA,NA
"50","dry   Lube Oil","C",100,4,0,4,NA,NA,0.002318,0.01501,NA,NA,NA,NA,NA,NA,NA,NA,NA,NA,NA,NA,NA,NA,NA,NA,NA,NA,NA,NA,NA
"51","dry   Magnesium","A",0,73,73,0,0.00176,22.1968740752,NA,NA,1.48815204159174,0.401632113779159,0.700967563549896,2.27533651963359,0.0121557226359954,0.147473894400001,0.883365229439995,5.00495135895,3.43154628436893,1.79870722372133e-06,29.4528348113175,3,NA,NA,NA,NA,NA,NA,0.98277088463021,NA,NA
"52","dry   Magnesium dissolved","A",0,2,2,0,0.0094206850429,0.0113858766273,NA,NA,0.0104032808351,0.0009825957922,0.00847742847102739,0.0123291331991726,0.0094206850429,NA,NA,NA,0.00138960029565998,NA,NA,NA,NA,NA,NA,NA,NA,NA,NA,NA,NA
"53","dry   Malathion","C",97.5,122,3,119,1.57826799648e-05,0.000174222774146,9.6e-08,0.003035141614,NA,NA,NA,NA,NA,NA,NA,NA,NA,NA,NA,NA,NA,NA,NA,NA,NA,NA,NA,NA,NA
"54","dry   Mecoprop","C",80.9,115,22,93,3.8556e-06,0.037939270175,2.1228538624e-07,0.94825884,NA,NA,NA,NA,NA,NA,NA,NA,NA,NA,NA,NA,NA,NA,NA,NA,NA,NA,NA,NA,NA
"55","dry   Mercury","B",63.7,91,33,58,3.85e-08,0.000342368009659,5.307134656e-08,0.007587854035,NA,NA,NA,NA,NA,NA,NA,NA,NA,NA,NA,NA,2.075545228686e-05,1.96572296613411e-07,3.41848400415816e-07,1.23975e-06,6.73336805518e-05,5.99646161481762e-05,0.96722551605645,NA,NA
"56","dry   Mercury dissolved","C",86.5,89,12,77,4.096e-08,0.00020388096,5.307134656e-08,0.007587854035,NA,NA,NA,NA,NA,NA,NA,NA,NA,NA,NA,NA,NA,NA,NA,NA,NA,NA,NA,NA,NA
"57","dry   Motor Oil","A",4.3,23,22,1,0.00461013361408,11.473825776,0.00511401408,0.00511401408,1.3673535520059,0.598895470770281,0.193539998791984,2.54116710521981,0.0179296908880602,0.0433747681039627,1.07099800959996,5.04492108799996,2.87220177788933,0.0932046323743014,4.7459157098777,2,NA,NA,NA,NA,NA,NA,0.965704905963332,NA,NA
"58","dry   Naphthalene","B",68,125,40,85,2.6e-08,0.0021245991298,2.82e-08,0.002338463641,NA,NA,NA,NA,NA,NA,NA,NA,NA,NA,NA,NA,5.48977638923103e-05,2.3450614018989e-07,5.25712702332877e-07,3.467687327475e-06,9.45704664780001e-05,0.000253398160950375,0.992995048928309,NA,NA
"59","dry   Nitrite-Nitrate dissolved","A",5.4,112,106,6,0.00045514895205,79.8242244482,0.00155233688688,0.00523558942912,3.98917577998348,1.27639492545049,1.48748769605082,6.49086386391613,0.017363861759975,0.0672354099199737,0.509226677759969,1.88386007039998,13.5080941897873,0.056686673597401,7.5341808452919,3,NA,NA,NA,NA,NA,NA,0.987242867843855,NA,NA
"60","dry   Oil and grease","C",100,7,0,7,NA,NA,0.001645,0.041325,NA,NA,NA,NA,NA,NA,NA,NA,NA,NA,NA,NA,NA,NA,NA,NA,NA,NA,NA,NA,NA
"61","dry   Ortho-phosphate dissolved","A",10,110,99,11,3.7149942592e-05,1.9728420491,3.4538567296e-05,0.018707709128,0.100214133005033,0.0285380547666452,0.0442805734735767,0.156147692536489,0.000689797248001778,0.00477436255830188,0.0306399102720021,0.368237330560002,0.299309643488219,0.0119797176102394,10.9535501191097,3,NA,NA,NA,NA,NA,NA,0.995559922797945,NA,NA
"62","dry   p-Cresol","C",100,5,0,5,NA,NA,1e-07,1.1405e-05,NA,NA,NA,NA,NA,NA,NA,NA,NA,NA,NA,NA,NA,NA,NA,NA,NA,NA,NA,NA,NA
"63","dry   PCB-aroclor 1016","C",100,6,0,6,NA,NA,4.50095536e-07,6.74930928e-05,NA,NA,NA,NA,NA,NA,NA,NA,NA,NA,NA,NA,NA,NA,NA,NA,NA,NA,NA,NA,NA
"64","dry   PCB-aroclor 1221","C",100,6,0,6,NA,NA,4.50095536e-07,6.74930928e-05,NA,NA,NA,NA,NA,NA,NA,NA,NA,NA,NA,NA,NA,NA,NA,NA,NA,NA,NA,NA,NA
"65","dry   PCB-aroclor 1232","C",100,6,0,6,NA,NA,4.50095536e-07,6.74930928e-05,NA,NA,NA,NA,NA,NA,NA,NA,NA,NA,NA,NA,NA,NA,NA,NA,NA,NA,NA,NA,NA
"66","dry   PCB-aroclor 1242","C",100,6,0,6,NA,NA,4.50095536e-07,6.74930928e-05,NA,NA,NA,NA,NA,NA,NA,NA,NA,NA,NA,NA,NA,NA,NA,NA,NA,NA,NA,NA,NA
"67","dry   PCB-aroclor 1248","C",100,6,0,6,NA,NA,4.50095536e-07,6.74930928e-05,NA,NA,NA,NA,NA,NA,NA,NA,NA,NA,NA,NA,NA,NA,NA,NA,NA,NA,NA,NA,NA
"68","dry   PCB-aroclor 1254","A",33.3,6,4,2,1.569062205e-05,0.00014848480416,4.50095536e-07,3.275517523e-06,5.59970364501667e-05,2.53608108868984e-05,6.29076049311456e-06,0.000105703312407219,NA,1.569062205e-05,0.000112246254768,NA,6.21210461361215e-05,NA,NA,NA,NA,NA,NA,NA,NA,NA,NA,NA,NA
"69","dry   PCB-aroclor 1260","C",83.3,6,1,5,1.483120717e-05,1.483120717e-05,4.50095536e-07,6.74930928e-05,NA,NA,NA,NA,NA,NA,NA,NA,NA,NA,NA,NA,NA,NA,NA,NA,NA,NA,NA,NA,NA
"70","dry   Pentachlorophenol","B",74.1,116,30,86,1.182e-06,0.0112300239718,2e-07,0.0265442815872,NA,NA,NA,NA,NA,NA,NA,NA,NA,NA,NA,NA,0.00021996022099116,8.39230873877033e-07,1.74973438565158e-06,2.65661e-06,2.59999505721e-05,0.00142605152742509,0.958387375161097,NA,NA
"71","dry   Phenanthrene","B",52,125,60,65,8.5e-08,0.0016693278877,3.85e-07,0.002338463641,NA,NA,NA,NA,NA,NA,NA,NA,NA,NA,NA,NA,7.04052520512713e-05,1.18025410460399e-06,2.84390998127312e-06,1.806640075795e-05,0.000186856387336,0.000230564282651107,0.994071317915483,NA,NA
"72","dry   Phenol","C",100,5,0,5,NA,NA,1e-07,1.1405e-05,NA,NA,NA,NA,NA,NA,NA,NA,NA,NA,NA,NA,NA,NA,NA,NA,NA,NA,NA,NA,NA
"73","dry   Prometon","C",94,117,7,110,2.14496361984e-06,0.00377745545664,8.2034902272e-08,0.010622995649,NA,NA,NA,NA,NA,NA,NA,NA,NA,NA,NA,NA,NA,NA,NA,NA,NA,NA,NA,NA,NA
"74","dry   Pyrene","A",46.4,125,67,58,2.42e-07,0.0021245991298,3.29e-07,0.002338463641,0.000116822180478489,3.00070859507842e-05,5.80093727339537e-05,0.000175634988223023,2.75699999999907e-07,8.45299999999985e-06,4.06100290319998e-05,0.00032628655774,0.000335489419963162,0.0319159296279418,8.81074230799511,3,NA,NA,NA,NA,NA,NA,0.993897100358192,NA,NA
"75","dry   Surfactants","A",29.6,115,81,34,0.00029189240608,8.11604625741,8.54530232e-05,0.05804944,0.314042541807373,0.111405980120973,0.0956908331078812,0.532394250506866,0.000928791039999766,0.00633419999999951,0.0478955169029991,0.33835998833,1.19469603948962,6.53447663248041e-05,21.996366803062,3,NA,NA,NA,NA,NA,NA,0.994799081317168,NA,NA
"76","dry   Toluene","C",100,24,0,24,NA,NA,9.91088e-06,0.0023219776,NA,NA,NA,NA,NA,NA,NA,NA,NA,NA,NA,NA,NA,NA,NA,NA,NA,NA,NA,NA,NA
"77","dry   Total Benzofluoranthenes","B",67.2,125,41,84,1.998e-07,0.001701556512,3.29e-07,0.004676927282,NA,NA,NA,NA,NA,NA,NA,NA,NA,NA,NA,NA,7.25676680801031e-05,7.72381555215404e-07,1.68774461884164e-06,1.8324318162e-05,0.00019343717198046,0.000229517696311762,0.979047584844389,NA,NA
"78","dry   Total Kjeldahl Nitrogen","A",6.1,114,107,7,0.001054,110.782668911,0.0049271232,0.817457753,4.59177963162578,1.47725264657731,1.69641764826777,7.48714161498379,0.0356791679999731,0.232818407621977,1.19190686624898,8.90908824959999,15.7727421055263,0.00652179220642923,12.2671723611468,3,NA,NA,NA,NA,NA,NA,0.994389791946416,NA,NA
"79","dry   Total PAH","A",36,125,80,45,5.7783e-07,0.01000515229056,3.85e-07,0.004676927282,0.000621410939004862,0.000143931214745608,0.000339310941852371,0.000903510936157354,1.61567999999723e-06,2.99039099999968e-05,0.000304787876799996,0.0015294866454,0.0016091999012765,0.00909957824194862,11.5488982586443,3,NA,NA,NA,NA,NA,NA,0.983830879587978,NA,NA
"80","dry   Total PCB","A",33.3,6,4,2,1.569062205e-05,0.00014848480416,4.50095536e-07,3.275517523e-06,5.84689043118334e-05,2.48877272943698e-05,9.68985515781401e-06,0.000107247953465853,NA,1.569062205e-05,0.000112246254768,NA,6.09622327287438e-05,NA,NA,NA,NA,NA,NA,NA,NA,NA,NA,NA,NA
"81","dry   Total Phosphorus","A",0,114,114,0,0.0001858,14.2651655858,NA,NA,0.635477528458199,0.19797732509077,0.247449101524713,1.02350595539169,0.00481602223519673,0.0336177049599939,0.134642985983994,1.349861856,2.11381939212199,0.00864445138900272,11.6597424916221,3,NA,NA,NA,NA,NA,NA,0.992851912778721,NA,NA
"82","dry   Total Phthalate","A",29.6,125,88,37,1.658e-06,0.0710223137676,2.05579968e-05,0.0251830363776,0.0033616332096707,0.000926192044399026,0.00154633015988109,0.00517693625946031,1.73876478719998e-05,0.000180140154880007,0.0012140828,0.007415603585,0.0103551418574786,0.0022079415252948,14.5849972228674,3,NA,NA,NA,NA,NA,NA,0.99166465942121,NA,NA
"83","dry   Total Suspended Solids","A",0,116,116,0,0.01436,7815.48965605,NA,NA,267.440415412864,98.1948560206218,74.9820341453496,459.898796680379,0.703407434799374,8.3589749442981,40.0722363519981,331.391085647998,1057.59096576778,0.0796443664652423,6.76877877282186,3,NA,NA,NA,NA,NA,NA,0.99440285301441,NA,NA
"84","dry   Total TPHDx","A",16,75,63,12,0.0029661281664,16.0633560864,0.000329,0.0480252928,0.971673408519143,0.283266900730381,0.416480485075314,1.52686633196297,0.0294574007039969,0.151814859839998,0.699991295999997,1.73298816,2.45316332083795,0.110084991857483,6.0315563700277,3,NA,NA,NA,NA,NA,NA,0.989590897991576,NA,NA
"85","dry   Total Xylenes","C",100,24,0,24,NA,NA,9.91088e-06,0.0023219776,NA,NA,NA,NA,NA,NA,NA,NA,NA,NA,NA,NA,NA,NA,NA,NA,NA,NA,NA,NA,NA
"86","dry   TPHGx","C",100,7,0,7,NA,NA,0.0001645,0.008265,NA,NA,NA,NA,NA,NA,NA,NA,NA,NA,NA,NA,NA,NA,NA,NA,NA,NA,NA,NA,NA
"87","dry   Triclopyr","C",82.6,109,19,90,4.6818e-06,0.004546804626,2.1228538624e-07,0.03403113024,NA,NA,NA,NA,NA,NA,NA,NA,NA,NA,NA,NA,NA,NA,NA,NA,NA,NA,NA,NA,NA
"88","dry   Zinc","A",2.5,119,116,3,2.74e-05,5.94887756344,6.796032e-05,7.928704e-05,0.291807535059329,0.0795921811127216,0.135809726627406,0.447805343491252,0.00244788230553894,0.0224107650240004,0.12125820096,0.671018112576,0.868248190334626,0.0236402175976554,9.47115439021742,3,NA,NA,NA,NA,NA,NA,0.996672076157219,NA,NA
"89","dry   Zinc dissolved","A",2.6,117,114,3,6.65525814321e-06,1.85143638454,6.796032e-05,7.928704e-05,0.0961873682265927,0.0245487007159827,0.0480727989560139,0.144301937497171,0.00120889999999774,0.0079522069439979,0.0646033633599976,0.243737040114998,0.265534797532486,0.0143469339720664,10.5618826667831,3,NA,NA,NA,NA,NA,NA,0.990143504809723,NA,NA
"90","wet   1-Methylnaphthalene","C",95,222,11,211,5.4299332906e-06,0.00473311913984,2.15e-07,0.002092951322,NA,NA,NA,NA,NA,NA,NA,NA,NA,NA,NA,NA,NA,NA,NA,NA,NA,NA,NA,NA,NA
"91","wet   2-Methylnaphthalene","B",80,491,98,393,7.7562e-07,0.0215357546675,2.068e-08,0.0023037741447,NA,NA,NA,NA,NA,NA,NA,NA,NA,NA,NA,NA,0.000154466456523267,1.03451295303266e-07,2.23478214687594e-07,3.56816535599721e-07,4.2044728012e-05,0.00144370031362006,0.991536985910425,NA,NA
"92","wet   2,4-D","C",85.8,451,64,387,1.70750304e-06,0.029649346545,2.107e-07,0.157678759437,NA,NA,NA,NA,NA,NA,NA,NA,NA,NA,NA,NA,NA,NA,NA,NA,NA,NA,NA,NA,NA
"93","wet   Acenaphthene","C",88.8,491,55,436,2.08977984e-06,0.0028956193344,2.068e-08,0.0023037741447,NA,NA,NA,NA,NA,NA,NA,NA,NA,NA,NA,NA,NA,NA,NA,NA,NA,NA,NA,NA,NA
"94","wet   Acenaphthylene","C",92.9,491,35,456,1.1826e-06,0.0027432183168,2.068e-08,0.0023037741447,NA,NA,NA,NA,NA,NA,NA,NA,NA,NA,NA,NA,NA,NA,NA,NA,NA,NA,NA,NA,NA
"95","wet   Ammonia","A",0,53,53,0,0.0037785824664,2.81478053376,NA,NA,0.322891794430325,0.062308048504662,0.200770263414212,0.445013325446437,0.0263256758939994,0.166529968128,0.427900828159999,0.724383387519999,0.45360944010056,1.66931266587511e-08,35.8165375584607,2,NA,NA,NA,NA,NA,NA,0.96704911690757,NA,NA
"96","wet   Anthracene","C",89,491,54,437,3.146e-07,0.002286015264,2.068e-08,0.0023037741447,NA,NA,NA,NA,NA,NA,NA,NA,NA,NA,NA,NA,NA,NA,NA,NA,NA,NA,NA,NA,NA
"97","wet   Arsenic dissolved","A",0,14,14,0,8.8e-07,0.000292864,NA,NA,4.22067142857143e-05,2.18465410417353e-05,-6.11719342863058e-07,8.50251479142917e-05,3.65200000000004e-06,7.68000000000003e-06,3.72750000000001e-05,0.000148428,8.17422716642691e-05,NA,NA,NA,NA,NA,NA,NA,NA,NA,0.976601739033694,NA,NA
"98","wet   Benz(a)anthracene","B",64.5,409,145,264,9.746e-08,0.00267165609984,3.76e-08,0.002092951322,NA,NA,NA,NA,NA,NA,NA,NA,NA,NA,NA,NA,4.44083569841132e-05,5.99191123632974e-07,1.82231266409162e-06,8.2164140132e-06,5.9951054714e-05,0.000195923203740271,0.985829111289296,NA,NA
"99","wet   Benzene","C",98.4,64,1,63,0.0012133182464,0.0012133182464,1.41584e-05,0.00871591104,NA,NA,NA,NA,NA,NA,NA,NA,NA,NA,NA,NA,NA,NA,NA,NA,NA,NA,NA,NA,NA
"100","wet   Benzo(a)pyrene","B",70.9,488,142,346,9.32e-08,0.00237480542208,1.2502e-07,0.002092951322,NA,NA,NA,NA,NA,NA,NA,NA,NA,NA,NA,NA,5.07344129993752e-05,5.88503501933892e-07,1.23986688197883e-06,4.16767901850124e-06,6.19142301312e-05,0.000220909677604151,0.994184608770352,NA,NA
"101","wet   Benzo(b)fluoranthene","B",69.6,270,82,188,2.354e-07,0.0010631117808,1.2502e-07,0.001025526326,NA,NA,NA,NA,NA,NA,NA,NA,NA,NA,NA,NA,3.61338295965029e-05,6.94906320991874e-07,1.50579e-06,5.43169095963434e-06,7.21233115285e-05,0.000124413135834026,0.958879557613402,NA,NA
"102","wet   Benzo(b,k)fluoranthene","A",45.1,102,56,46,2.9812133184e-06,0.004873038112,1.04488992e-06,0.0021132204873,0.00028207226517929,7.03193156735482e-05,0.000144248939041632,0.000419895591316947,2.98121331839853e-06,3.52232675199984e-05,0.000203120144604998,0.000689259228999998,0.000710190275907241,2.51162424191875e-11,48.8150102811945,2,NA,NA,NA,NA,NA,NA,0.993358356827413,NA,NA
"103","wet   Benzo(g,h,i)perylene","B",58.8,490,202,288,1.2232e-07,0.0029685067776,1.2502e-07,0.0011028147664,NA,NA,NA,NA,NA,NA,NA,NA,NA,NA,NA,NA,9.85471437245599e-05,1.23008039764911e-06,3.02055891929093e-06,2.0007603159e-05,0.0001554442977672,0.000351876802140752,0.993559309278602,NA,NA
"104","wet   Benzo(k)fluoranthene","B",76.3,270,64,206,1.8282e-07,0.003486364416,1.2502e-07,0.001025526326,NA,NA,NA,NA,NA,NA,NA,NA,NA,NA,NA,NA,4.11548160111172e-05,2.8317787945121e-07,4.92219143394193e-07,7.81249411989524e-07,5.54322880768e-05,0.00024104708203883,0.98440045241195,NA,NA
"105","wet   Benzofluoranthenes, Total","B",51.3,119,58,61,8.16e-07,0.00613491400704,2.1902e-07,0.00210693982,NA,NA,NA,NA,NA,NA,NA,NA,NA,NA,NA,NA,0.000211064712188378,3.33437046132072e-06,7.0159930725806e-06,2.48532674169e-05,0.00029081127064,0.000798523686312799,0.992837316582479,NA,NA
"106","wet   Bis(2-ethylhexyl) phthalate","A",36.6,481,305,176,1.06863e-05,0.1578864348288,1.0956e-06,0.129272145765,0.00482177391385864,0.000649356342826798,0.00354905886878547,0.0060944889589318,2.59465705679807e-05,0.000342820170879998,0.00232377005343998,0.01041003450832,0.0142414964257721,9.56305306831773e-07,30.7570286860301,3,NA,NA,NA,NA,NA,NA,0.988563091137043,NA,NA
"107","wet   BTEX","C",95.3,64,3,61,0.00010877049216,0.0029866295296,1.41584e-05,0.00871591104,NA,NA,NA,NA,NA,NA,NA,NA,NA,NA,NA,NA,NA,NA,NA,NA,NA,NA,NA,NA,NA
"108","wet   Butyl benzyl phthalate","B",75.1,490,122,368,4.08e-07,0.034111266784,1.034e-07,0.051950488485,NA,NA,NA,NA,NA,NA,NA,NA,NA,NA,NA,NA,0.000342221488262563,2.3505400783838e-06,4.91772010527183e-06,8.6644e-06,0.000152800242015,0.00232814259158219,0.994941117607481,NA,NA
"109","wet   Cadmium","A",26.9,498,364,134,2.322e-07,0.05189195184,1.1e-07,0.004185902644,0.000865428547353185,0.000155558702657953,0.000560539092661823,0.00117031800204455,3.47555306151603e-06,3.76693406626133e-05,0.000247009825011205,0.00166482091534001,0.00347143456893075,8.77129702203661e-10,45.1091843497463,3,NA,NA,NA,NA,NA,NA,0.996961945070765,NA,NA
"110","wet   Cadmium dissolved","A",48.5,497,256,241,1.4405e-07,0.02291961792,1.1e-07,0.03251108442,0.000278962381841495,6.27838372547946e-05,0.000155908322010873,0.000402016441672116,6.79199999992219e-07,4.51922535939231e-06,4.80908245199946e-05,0.000367163274335988,0.00139967127553471,0.000148435819550152,20.2809973458787,3,NA,NA,NA,NA,NA,NA,0.995335765493815,NA,NA
"111","wet   Calcium","A",0,268,268,0,0.00594,295.1452135296,NA,NA,12.5359739060833,1.80213189813677,9.00386029034443,16.0680875218222,0.121427793103976,0.826449339178964,6.97725951999996,45.65423369056,29.5021706553872,1.38185743307243e-26,123.467972985795,3,NA,NA,NA,NA,NA,NA,0.981979591446129,NA,NA
"112","wet   Chloride","A",1.4,430,424,6,0.001054,805.43393,0.00341500608,0.02863961152,26.4161718956594,3.83613294995606,18.8974894738382,33.9348543174807,0.161473720320146,1.48527279359996,14.0725412880001,60.1965761004001,79.5477459403318,2.48313625217378e-09,42.9816848817427,3,NA,NA,NA,NA,NA,NA,0.993844731093214,NA,NA
"113","wet   Chlorpyrifos","C",100,483,0,483,NA,NA,5.16e-08,0.005212556544,NA,NA,NA,NA,NA,NA,NA,NA,NA,NA,NA,NA,NA,NA,NA,NA,NA,NA,NA,NA,NA
"114","wet   Chrysene","B",50.5,491,243,248,1.62e-07,0.0035580172474,1.2502e-07,0.001230648128,NA,NA,NA,NA,NA,NA,NA,NA,NA,NA,NA,NA,0.00011093872303343,2.14861745838454e-06,5.82285876492575e-06,3.91410780264e-05,0.00020098605798,0.000366833930826793,0.994356281757504,NA,NA
"115","wet   Copper","A",0,491,491,0,6.1705e-06,1.420370688,NA,NA,0.0682427599123088,0.0085398841998888,0.0515048944483841,0.0849806253762335,0.000658647635220611,0.00386761711270056,0.0212398681756802,0.197983703232,0.189231193185552,4.15982775738776e-13,60.702842245171,3,NA,NA,NA,NA,NA,NA,0.99332863662471,NA,NA
"116","wet   Copper dissolved","A",2.5,476,464,12,4.429e-06,1.28418783459,4.240399570494e-05,0.178766940732,0.020036145282906,0.00360128617225531,0.0129777540872634,0.0270945364785485,0.000233574183009955,0.00131505880982985,0.00626206210239988,0.0470289625011,0.0785707881911031,9.33512752099297e-07,30.8067945865085,3,NA,NA,NA,NA,NA,NA,0.99474328472405,NA,NA
"117","wet   CPAH","A",45.7,494,268,226,2.552e-07,0.01226982801408,1.2502e-07,0.001230648128,0.000357577832853234,5.69582716511543e-05,0.000245941671795322,0.000469213993911145,1.62204293760113e-06,1.54439827199995e-05,0.000156200000000002,0.000689144149359999,0.00126596085503716,8.22437451730718e-06,26.3071747943773,3,NA,NA,NA,NA,NA,NA,0.993590941728548,NA,NA
"118","wet   Di-N-Octyl Phthalate","C",87.9,489,59,430,4.2908e-07,0.00652286549376,5.28e-08,0.035804165822,NA,NA,NA,NA,NA,NA,NA,NA,NA,NA,NA,NA,NA,NA,NA,NA,NA,NA,NA,NA,NA
"119","wet   Diazinon","C",99,483,5,478,1.10370843e-05,0.00023728589248,5.16e-08,0.005212556544,NA,NA,NA,NA,NA,NA,NA,NA,NA,NA,NA,NA,NA,NA,NA,NA,NA,NA,NA,NA,NA
"120","wet   Dibenzo(a,h)anthracene","C",87.8,491,60,431,4.554e-08,0.003486364416,6.298e-08,0.0023037741447,NA,NA,NA,NA,NA,NA,NA,NA,NA,NA,NA,NA,NA,NA,NA,NA,NA,NA,NA,NA,NA
"121","wet   Dibutyl phthalate","B",66.9,490,162,328,8.58e-08,0.046312450975,3.51e-07,0.040638855525,NA,NA,NA,NA,NA,NA,NA,NA,NA,NA,NA,NA,0.000954143820827422,2.30969939771653e-06,5.46699835652697e-06,2.5262548952033e-05,0.0004894536106949,0.00457499702092214,0.992119449267048,NA,NA
"122","wet   Dichlobenil","B",64.5,454,161,293,1.595e-07,0.0162665178044,5.16e-08,0.003139426983,NA,NA,NA,NA,NA,NA,NA,NA,NA,NA,NA,NA,0.000345825986339457,4.90122398529861e-07,1.50993861065382e-06,3.6150713512e-05,0.000367760137548,0.00150212552509504,0.97988027053256,NA,NA
"123","wet   Diesel Fuel","A",45.5,44,24,20,0.0018507,0.0323328443175,0.000215,0.01457571884,0.00570320194463959,0.00106285007341382,0.00362005407978275,0.00778634980949643,NA,0.002352248259,0.0064356780658,0.016751227792,0.00705014980383066,NA,NA,NA,NA,NA,NA,NA,NA,NA,0.988800916787781,NA,NA
"124","wet   Diesel Range Organics","A",34,268,177,91,0.00075311927616,15.697134915,0.001064,19.492152448,0.711841494552335,0.127514480934645,0.461917704413112,0.961765284691558,0.0106754336000208,0.0615324064000191,0.31219272000002,1.81533341440002,2.08750201994454,3.7604919178591e-11,51.5362102182921,3,NA,NA,NA,NA,NA,NA,0.995515783478433,NA,NA
"125","wet   Diethyl phthalate","B",68.8,491,153,338,2.684e-07,0.04697608739968,1.96268e-06,0.0726904121825,NA,NA,NA,NA,NA,NA,NA,NA,NA,NA,NA,NA,0.000417672309811189,8.15109227239495e-06,1.1335201351518e-05,1.35737126905989e-05,6.21150316415e-05,0.00278872879917175,0.958691878782569,NA,NA
"126","wet   Dimethyl phthalate","C",84.7,491,75,416,4.316e-07,0.003019845136,5.28e-08,0.0767175818325,NA,NA,NA,NA,NA,NA,NA,NA,NA,NA,NA,NA,NA,NA,NA,NA,NA,NA,NA,NA,NA
"127","wet   Ethylbenzene","C",100,64,0,64,NA,NA,1.41584e-05,0.00871591104,NA,NA,NA,NA,NA,NA,NA,NA,NA,NA,NA,NA,NA,NA,NA,NA,NA,NA,NA,NA,NA
"128","wet   Fluoranthene","A",37.1,490,308,182,2.372e-07,0.00583806332928,1.2502e-07,0.00105346991,0.000212007491802819,2.64568726012692e-05,0.000160152974360767,0.000263862009244871,2.59700000000002e-06,2.03272941663984e-05,0.0001236877824,0.000542216740847999,0.0005856478402944,3.04481532209522e-08,37.8473521264664,3,NA,NA,NA,NA,NA,NA,0.993636015783963,NA,NA
"129","wet   Fluorene","C",85.7,491,70,421,2.662e-07,0.004572030528,2.068e-08,0.0023037741447,NA,NA,NA,NA,NA,NA,NA,NA,NA,NA,NA,NA,NA,NA,NA,NA,NA,NA,NA,NA,NA
"130","wet   Gasoline Range Organics","C",90,271,27,244,0.0044618385322,1.75429372032,0.00070288527296,3.81002544,NA,NA,NA,NA,NA,NA,NA,NA,NA,NA,NA,NA,NA,NA,NA,NA,NA,NA,NA,NA,NA
"131","wet   Hardness as CaCO3","A",0.4,497,495,2,0.015265,6225.87266643,0.0496,2.565246549,213.393632281274,31.6604107665768,151.340367443039,275.446897119509,1.09088000000156,9.99356505600008,69.2430710400004,324.261340160001,705.821266415558,1.56262780492966e-11,53.3254759522998,3,NA,NA,NA,NA,NA,NA,0.99571166110297,NA,NA
"132","wet   Heavy Fuel Oil","A",19.7,157,126,31,0.00142696283904,49.0086503136,0.003579016986,29.238228672,1.44773696522094,0.418749322306003,0.627003374950617,2.26847055549126,0.0565158021119885,0.206735293439991,0.859188345599989,2.19809159999998,5.24691396959037,1.47753698165332e-10,48.7458206772155,3,NA,NA,NA,NA,NA,NA,0.997416158105572,NA,NA
"133","wet   HPAH","A",30,493,345,148,4.928e-07,0.03235672387584,1.2502e-07,0.00210693982,0.00092431228762108,0.000129003682216175,0.000671469716604328,0.00117715485863783,8.82265999999771e-06,6.1585098308399e-05,0.000498804113184002,0.00210037315488,0.00286434658560876,1.73293868144242e-09,43.717329312592,3,NA,NA,NA,NA,NA,NA,0.992264107099684,NA,NA
"134","wet   Indeno(1,2,3-cd)pyrene","B",71.3,491,141,350,1.166e-07,0.00237480542208,1.2502e-07,0.002092951322,NA,NA,NA,NA,NA,NA,NA,NA,NA,NA,NA,NA,4.67481833180031e-05,5.27115475657001e-07,1.15858824571182e-06,3.66414564327112e-06,6.77227009512e-05,0.000206198020358477,0.993873155425432,NA,NA
"135","wet   Lead","A",0,495,495,0,3.114848e-06,3.13110821448,NA,NA,0.0647967412913317,0.0102022087688142,0.0448007795416972,0.0847927030409663,0.000231277209129743,0.00168546734441932,0.0157497450302992,0.1745473838364,0.226984815708942,1.58541321626033e-14,67.3378989295744,3,NA,NA,NA,NA,NA,NA,0.989982652937503,NA,NA
"136","wet   Lead dissolved","A",21.7,489,383,106,3.96e-07,0.113563783284,5.348933083e-07,0.09753325326,0.00266712699894636,0.000424072472224666,0.00183596022655116,0.00349829377134157,7.2071999999701e-06,4.15919999999792e-05,0.000279928558079956,0.00625716329599996,0.00937766062356086,0.000614728517805196,17.294422572044,3,NA,NA,NA,NA,NA,NA,0.983957817744614,NA,NA
"137","wet   LPAH","A",37.2,494,310,184,1.5114e-07,0.01852074901405,3.76e-08,0.0019299258412,0.000341238744670442,7.29785434834773e-05,0.000198203427798636,0.000484274061542247,2.47159999999802e-06,1.75155200000006e-05,0.000114465960000001,0.000613341888,0.00162202919136219,5.67514130334068e-06,27.0760475341714,3,NA,NA,NA,NA,NA,NA,0.997300874208514,NA,NA
"138","wet   Lube Oil","A",45,40,22,18,0.007857,0.3214431,0.001064,0.016587,0.0610476028947368,0.0142443472519042,0.0331291952977225,0.0889660104917512,NA,0.014124,0.08512,0.1708682,0.0900891621967552,4.94904918157957e-08,33.6429705404015,2,NA,NA,NA,NA,NA,NA,0.961606739339057,NA,NA
"139","wet   Magnesium","A",0,268,268,0,0.0014234,79.7801487552,NA,NA,2.79244866044756,0.435645699473656,1.93859877945943,3.64629854143568,0.0194166000000138,0.214291631550012,1.625597262336,9.94869425472001,7.13182746748201,1.14134913310448e-30,142.411721936914,3,NA,NA,NA,NA,NA,NA,0.981518401011514,NA,NA
"140","wet   Malathion","C",99.2,482,4,478,3.54123e-06,0.00012884144,5.16e-08,0.010425113088,NA,NA,NA,NA,NA,NA,NA,NA,NA,NA,NA,NA,NA,NA,NA,NA,NA,NA,NA,NA,NA
"141","wet   Mecoprop","C",91.6,462,39,423,4.350593152e-06,0.0083018170326,2.107e-07,5.232378305,NA,NA,NA,NA,NA,NA,NA,NA,NA,NA,NA,NA,NA,NA,NA,NA,NA,NA,NA,NA,NA
"142","wet   Mercury","C",81.4,355,66,289,1.972e-08,0.0342991940631,1.1e-07,0.010067924125,NA,NA,NA,NA,NA,NA,NA,NA,NA,NA,NA,NA,NA,NA,NA,NA,NA,NA,NA,NA,NA
"143","wet   Mercury dissolved","C",93.4,346,23,323,5.79e-09,0.0121916566575,1.698e-08,0.010067924125,NA,NA,NA,NA,NA,NA,NA,NA,NA,NA,NA,NA,NA,NA,NA,NA,NA,NA,NA,NA,NA
"144","wet   Motor Oil","A",23,74,57,17,0.0029480337312,36.2915471168,0.003798302284,0.416398544,2.65324036568021,0.726618254901613,1.22909475556371,4.07738597579672,0.0082986375058951,0.0646656886349959,2.523366681,6.492900655,6.25060657363457,1.2663159217885e-06,27.1587974442021,2,NA,NA,NA,NA,NA,NA,0.967651055062596,NA,NA
"145","wet   Naphthalene","B",60.8,485,190,295,9.2e-08,0.0111985924271,2.068e-08,0.0023037741447,NA,NA,NA,NA,NA,NA,NA,NA,NA,NA,NA,NA,0.000137923778864899,6.6297e-07,1.99523780723914e-06,1.3073872045e-05,0.00010672385810592,0.00090343808815408,0.995937923553919,NA,NA
"146","wet   Nitrite-Nitrate dissolved","A",3.7,454,437,17,0.0001075,185.652520865,6.06e-05,0.00590761986711,4.32494863981628,0.86613520599571,2.6273548303225,6.02254244931005,0.0103791492589949,0.0703146897089937,0.734792643200024,3.11760003104001,18.4549816732397,1.61710584478669e-07,34.4176684247418,3,NA,NA,NA,NA,NA,NA,0.996355711586585,NA,NA
"147","wet   Oil and grease","C",92.9,14,1,13,0.0119126,0.0119126,0.001075,0.019105,NA,NA,NA,NA,NA,NA,NA,NA,NA,NA,NA,NA,NA,NA,NA,NA,NA,NA,NA,NA,NA
"148","wet   Ortho-phosphate dissolved","A",7.1,462,429,33,3.472e-05,4.6312450975,5.78263036e-05,3.07409616134,0.121749124540966,0.0198909716718017,0.0827635364467282,0.160734712635204,0.000880256044799133,0.00832797087999904,0.0499508351999989,0.240283431079999,0.427540230119189,6.90248651569192e-07,31.4294328897785,3,NA,NA,NA,NA,NA,NA,0.993531494573431,NA,NA
"149","wet   p-Cresol","C",90.5,21,2,19,2.32578e-05,0.0001476236,1.034e-07,1.4877e-05,NA,NA,NA,NA,NA,NA,NA,NA,NA,NA,NA,NA,NA,NA,NA,NA,NA,NA,NA,NA,NA
"150","wet   PCB-aroclor 1016","C",100,21,0,21,NA,NA,2.477153664e-07,0.000105346991,NA,NA,NA,NA,NA,NA,NA,NA,NA,NA,NA,NA,NA,NA,NA,NA,NA,NA,NA,NA,NA
"151","wet   PCB-aroclor 1221","C",100,21,0,21,NA,NA,2.477153664e-07,0.000105346991,NA,NA,NA,NA,NA,NA,NA,NA,NA,NA,NA,NA,NA,NA,NA,NA,NA,NA,NA,NA,NA
"152","wet   PCB-aroclor 1232","C",100,21,0,21,NA,NA,2.477153664e-07,0.000105346991,NA,NA,NA,NA,NA,NA,NA,NA,NA,NA,NA,NA,NA,NA,NA,NA,NA,NA,NA,NA,NA
"153","wet   PCB-aroclor 1242","C",100,21,0,21,NA,NA,2.477153664e-07,0.000105346991,NA,NA,NA,NA,NA,NA,NA,NA,NA,NA,NA,NA,NA,NA,NA,NA,NA,NA,NA,NA,NA
"154","wet   PCB-aroclor 1248","C",95.2,21,1,20,2.9030949696e-05,2.9030949696e-05,2.477153664e-07,0.00024325263872,NA,NA,NA,NA,NA,NA,NA,NA,NA,NA,NA,NA,NA,NA,NA,NA,NA,NA,NA,NA,NA
"155","wet   PCB-aroclor 1254","B",52.4,21,10,11,4.0499423594e-06,0.00050388046592,2.477153664e-07,1.926816656e-05,NA,NA,NA,NA,NA,NA,NA,NA,NA,NA,NA,NA,NA,NA,NA,NA,NA,NA,0.985217303603691,NA,NA
"156","wet   PCB-aroclor 1260","B",71.4,21,6,15,2.2035680689e-06,0.00033012858112,2.477153664e-07,7.835824896e-05,NA,NA,NA,NA,NA,NA,NA,NA,NA,NA,NA,NA,NA,NA,NA,NA,NA,NA,0.984344467910484,NA,NA
"157","wet   Pentachlorophenol","B",75.1,457,114,343,5.7835e-07,0.019733131285,2.068e-07,0.126793229238,NA,NA,NA,NA,NA,NA,NA,NA,NA,NA,NA,NA,0.000200260017158438,1.08123933566113e-06,2.6322955303675e-06,4.89668681069836e-06,0.00012975452649084,0.00125574546202832,0.996957538966183,NA,NA
"158","wet   Phenanthrene","A",46.1,490,264,226,1.5114e-07,0.00473786602685,3.76e-08,0.001230648128,0.000144458725984828,2.12398945361582e-05,0.000102829297658529,0.000186088154311127,1.35329999999961e-06,8.31219999999997e-06,6.04192729919996e-05,0.000326496102016,0.000470165107972177,9.51912726421256e-09,40.2309589039601,3,NA,NA,NA,NA,NA,NA,0.994959645140259,NA,NA
"159","wet   Phenol","B",61.9,21,8,13,3.7632e-06,4.41612e-05,1.034e-07,1.91666e-05,NA,NA,NA,NA,NA,NA,NA,NA,NA,NA,NA,NA,NA,NA,NA,NA,NA,NA,0.928729228211655,NA,NA
"160","wet   Prometon","C",96.7,451,15,436,1.00853398048e-05,0.0029810794368,5.16e-08,0.0155046031525,NA,NA,NA,NA,NA,NA,NA,NA,NA,NA,NA,NA,NA,NA,NA,NA,NA,NA,NA,NA,NA
"161","wet   Pyrene","A",33.1,490,328,162,2.004e-07,0.00514541174784,1.2502e-07,0.001524010176,0.000230606522033726,2.74187537713762e-05,0.000176866752140856,0.000284346291926595,4.74787785499989e-06,2.365019136e-05,0.000144076727904,0.00060336941885,0.000606939987646164,3.56180618332758e-09,42.243634574435,3,NA,NA,NA,NA,NA,NA,0.994305381715393,NA,NA
"162","wet   Surfactants","A",37.8,474,295,179,0.00011,9.649629206,9.7e-05,1.046475661,0.241009979966481,0.0377078423358402,0.16710396705352,0.314915992879443,0.000972400000000206,0.00525230000000043,0.0867979099019998,0.526734955,0.820957837588541,1.56424903108299e-06,29.7413061323999,3,NA,NA,NA,NA,NA,NA,0.989516421595228,NA,NA
"163","wet   Toluene","C",95.3,64,3,61,0.00010877049216,0.00096598798848,1.41584e-05,0.00871591104,NA,NA,NA,NA,NA,NA,NA,NA,NA,NA,NA,NA,NA,NA,NA,NA,NA,NA,NA,NA,NA
"164","wet   Total Benzofluoranthenes","B",60.3,494,196,298,4.1822e-07,0.00613491400704,1.2502e-07,0.0021132204873,NA,NA,NA,NA,NA,NA,NA,NA,NA,NA,NA,NA,0.000145491526283333,1.3202033046539e-06,3.87109191476029e-06,3.5124271986e-05,0.0002310162669774,0.000570096362900962,0.988966919180258,NA,NA
"165","wet   Total Kjeldahl Nitrogen","A",10.8,453,404,49,0.000924,129.580735052,0.001075,10.9214358,4.48289903349673,0.703006802132857,3.10503102042965,5.8607670465638,0.0341880000000003,0.282831369868006,1.365113964144,8.66499177023999,14.9626538228288,8.99858818015353e-07,30.8825381424929,3,NA,NA,NA,NA,NA,NA,0.997290443566196,NA,NA
"166","wet   Total PAH","A",24.5,494,373,121,5.0274e-07,0.03928323969024,2.15e-07,0.00210693982,0.00128103285985648,0.000179718106435255,0.000928791843873648,0.00163327387583932,1.26784100000013e-05,8.44773270600035e-05,0.00066048878753,0.00316416018616,0.00399443454116509,5.80042736064712e-09,41.2454653136537,3,NA,NA,NA,NA,NA,NA,0.99404593886275,NA,NA
"167","wet   Total PCB","A",47.6,21,11,10,2.2035680689e-06,0.00083400904704,2.477153664e-07,3.853633312e-05,8.56606940383153e-05,4.4649487053035e-05,-1.85069251382077e-06,0.000173172080590451,NA,4.04994235940026e-06,5.34819401600002e-05,0.00016589114112,0.000204609654161484,8.71228614363062e-07,27.9067228423174,2,NA,NA,NA,NA,NA,NA,0.988582123321754,NA,NA
"168","wet   Total Phosphorus","A",3.8,452,435,17,4.3e-05,19.7128139494,4.96e-05,1.9332571146,0.620089803482906,0.0966656344237904,0.430628641469561,0.80955096549625,0.00483268667199965,0.0444855625469991,0.185745522047998,1.17306308352,2.05513957801079,5.07602404553609e-10,46.226558467459,3,NA,NA,NA,NA,NA,NA,0.996574436324836,NA,NA
"169","wet   Total Phthalate","A",21.1,494,390,104,3.542e-07,0.27893270153088,2.15e-06,0.105661024365,0.00634068495978157,0.000926201010000001,0.00452536433773695,0.00815600558182619,3.75870973399195e-05,0.000443913978559918,0.00285037191967991,0.0139138066787999,0.0205858462443729,8.71961218740225e-06,26.1859274310127,3,NA,NA,NA,NA,NA,NA,0.994139084099336,NA,NA
"170","wet   Total Suspended Solids","A",0.2,470,469,1,0.01376,11979.89229888,0.182,0.182,280.654661925809,51.8615794446036,179.007834033023,382.301489818595,1.88306720000037,15.4976300000017,82.8153869269008,463.030083904003,1124.33225007993,2.2564538315617e-07,33.7323301760923,3,NA,NA,NA,NA,NA,NA,0.997143107830763,NA,NA
"171","wet   Total TPHDx","A",21.5,326,256,70,0.0018507,60.8070290928,0.000215,29.238228672,1.87698920076767,0.32581156779489,1.23841026214315,2.51556813939218,0.0204139209215981,0.143262053567994,1.11203097847199,4.62909454336,5.88268101575484,8.55785017295219e-08,35.725753516633,3,NA,NA,NA,NA,NA,NA,0.99117321047227,NA,NA
"172","wet   Total Xylenes","C",98.4,64,1,63,0.00080732329472,0.00080732329472,1.41584e-05,0.00871591104,NA,NA,NA,NA,NA,NA,NA,NA,NA,NA,NA,NA,NA,NA,NA,NA,NA,NA,NA,NA,NA
"173","wet   TPHGx","C",100,14,0,14,NA,NA,0.0001075,0.0019105,NA,NA,NA,NA,NA,NA,NA,NA,NA,NA,NA,NA,NA,NA,NA,NA,NA,NA,NA,NA,NA
"174","wet   Triclopyr","C",90.2,427,42,385,1.558273504e-06,0.00575197322973,2.107e-07,0.1625554221,NA,NA,NA,NA,NA,NA,NA,NA,NA,NA,NA,NA,NA,NA,NA,NA,NA,NA,NA,NA,NA
"175","wet   Zinc","A",0.4,493,491,2,2.574e-05,7.9264811335,0.00039693204615,0.0017580077785,0.321451945157391,0.0416563208983762,0.239807056468131,0.403096833846652,0.00281088000000018,0.0258946512097005,0.152796036900002,0.760995355098,0.924920424630534,7.64737117827606e-15,68.8171532434765,3,NA,NA,NA,NA,NA,NA,0.995889931689806,NA,NA
"176","wet   Zinc dissolved","A",2.5,477,465,12,1.738e-05,3.51119711736,0.0001408,0.81610994682,0.116472537589055,0.0158107180392681,0.0854840996623721,0.147460975515739,0.00121050998661953,0.00916076796799992,0.071749221128,0.266522004,0.345311294262906,5.3065813912006e-13,60.2079663402339,3,NA,NA,NA,NA,NA,NA,0.994292851283238,NA,NA
