"","ParamList.i.","case.code","pctCensor","nSamples","num.Detects","num.nonDetects","min.Detects","max.Detects","min.nonDetects","max.nonDetects","KM.mean","KM.mean.SE","KM.mean.95LCL","KM.mean.95UCL","KM.25ile","KM.median","KM.75ile","KM.90ile","KM.SD","ROS.mean","ROS.25ile","ROS.median","ROS.75ile","ROS.90ile","ROS.SD","ROS_correlation","PetoPrentice.pvalue","PetoPrentice.chisq","PetoPrentice.df","PPCC_test","wilcoxon_pvalue"
"1","1-Methylnaphthalene sediment  (ug/Kg)","B",59.6,52,21,31,1.07,870,0.1,690,NA,NA,NA,NA,NA,NA,NA,NA,NA,102.889600435226,2.14232911550358,5.52680214813449,45.55,431,215.138320182142,0.947598788848054,NA,NA,NA,"reject Ho",0.47089384750988
"2","1-Methylnaphthalene water  (ug/L)","C",96.2,290,11,279,0.1,1.6,0.1,1.1,NA,NA,NA,NA,NA,NA,NA,NA,NA,NA,NA,NA,NA,NA,NA,NA,NA,NA,NA,NA,0.0862802412990091
"3","2-Methylnaphthalene sediment  (ug/Kg)","B",52.6,78,37,41,1.12,1500,0.1,690,NA,NA,NA,NA,NA,NA,NA,NA,NA,102.900014942493,4.71923665594441,13.2770622459438,72.25,285,231.441714853803,0.956302137948635,NA,NA,NA,"reject Ho",0.674086853912085
"4","2-Methylnaphthalene water  (ug/L)","C",82.8,634,109,525,0.003,2.5,0.003,2.1,NA,NA,NA,NA,NA,NA,NA,NA,NA,NA,NA,NA,NA,NA,NA,NA,NA,NA,NA,NA,0.0339399195033589
"5","2-Nitrophenol sediment  (ug/Kg)","C",100,23,0,23,NA,NA,1,2200,NA,NA,NA,NA,NA,NA,NA,NA,NA,NA,NA,NA,NA,NA,NA,NA,NA,NA,NA,NA,1
"6","2,4-D sediment  (ug/Kg)","C",91.7,12,1,11,340,340,10,50,NA,NA,NA,NA,NA,NA,NA,NA,NA,NA,NA,NA,NA,NA,NA,NA,NA,NA,NA,NA,0.563702861650773
"7","2,4-D water  (ug/L)","C",83.1,604,102,502,0.02,28.4,0.05,1.2,NA,NA,NA,NA,NA,NA,NA,NA,NA,NA,NA,NA,NA,NA,NA,NA,NA,NA,NA,NA,2.10131965601849e-05
"8","2,4-Dichlorophenol sediment  (ug/Kg)","C",100,24,0,24,NA,NA,1,6400,NA,NA,NA,NA,NA,NA,NA,NA,NA,NA,NA,NA,NA,NA,NA,NA,NA,NA,NA,NA,1
"9","2,4-Dimethylphenol sediment  (ug/Kg)","C",92.9,42,3,39,6.1,17.4,1,2700,NA,NA,NA,NA,NA,NA,NA,NA,NA,NA,NA,NA,NA,NA,NA,NA,NA,NA,NA,NA,0.256473019418102
"10","2,4,5-Trichlorophenol sediment  (ug/Kg)","C",100,24,0,24,NA,NA,1,6400,NA,NA,NA,NA,NA,NA,NA,NA,NA,NA,NA,NA,NA,NA,NA,NA,NA,NA,NA,NA,1
"11","2,4,6-Trichlorophenol sediment  (ug/Kg)","C",100,23,0,23,NA,NA,1,6400,NA,NA,NA,NA,NA,NA,NA,NA,NA,NA,NA,NA,NA,NA,NA,NA,NA,NA,NA,NA,1
"12","4-Chloro-3-Methylphenol sediment  (ug/Kg)","C",95.2,21,1,20,83.6,83.6,1,6400,NA,NA,NA,NA,NA,NA,NA,NA,NA,NA,NA,NA,NA,NA,NA,NA,NA,NA,NA,NA,0.683091398309609
"13","4-Nitrophenol sediment  (ug/Kg)","C",95.2,21,1,20,4.64,4.64,1,6400,NA,NA,NA,NA,NA,NA,NA,NA,NA,NA,NA,NA,NA,NA,NA,NA,NA,NA,NA,NA,1
"14","Acenaphthene sediment  (ug/Kg)","A",45.6,79,43,36,8.7,8900,0.1,530,921.260337342255,210.077222893351,509.516546499094,1333.00412818542,NA,33.8000000000011,1000,3400,1867.20719972585,NA,NA,NA,NA,NA,NA,0.95426417055529,8.35780268593211e-06,26.2738059690328,3,"reject Ho",0.183372152519567
"15","Acenaphthene water  (ug/L)","C",90.2,634,62,572,0.003,1.5,0.003,2.1,NA,NA,NA,NA,NA,NA,NA,NA,NA,NA,NA,NA,NA,NA,NA,NA,NA,NA,NA,NA,0.420620854722368
"16","Acenaphthylene sediment  (ug/Kg)","B",67.1,79,26,53,15.8,3600,0.1,530,NA,NA,NA,NA,NA,NA,NA,NA,NA,243.514716398131,20.2226939074338,27.75620652798,230,772,515.461796183825,0.88437599999357,NA,NA,NA,"reject Ho",0.129999874960263
"17","Acenaphthylene water  (ug/L)","C",93.5,634,41,593,0.003,1.5,0.003,2.1,NA,NA,NA,NA,NA,NA,NA,NA,NA,NA,NA,NA,NA,NA,NA,NA,NA,NA,NA,NA,0.93901293065861
"18","Ammonia water  (ug/L)","A",0,71,71,0,10,1260,NA,NA,178.971830985915,21.2516489769105,137.319364379083,220.624297592747,80,136,225,296,179.069577206418,NA,NA,NA,NA,NA,NA,0.986135406949403,0.000174450625104461,17.3077376141009,2,"do not reject Ho",0.00920529302424948
"19","Anthracene sediment  (ug/Kg)","A",26.6,79,58,21,17,33000,0.1,530,3833.27400543932,810.334124183218,2245.04830659641,5421.49970428224,21,131,6000,17000,7202.40723872559,NA,NA,NA,NA,NA,NA,0.959082257440633,1.22203062893345e-05,25.4856610948046,3,"reject Ho",0.0692891382007555
"20","Anthracene water  (ug/L)","C",88.8,634,71,563,0.004,5.4,0.004,2.1,NA,NA,NA,NA,NA,NA,NA,NA,NA,NA,NA,NA,NA,NA,NA,NA,NA,NA,NA,NA,0.0789872057889058
"21","Arsenic water dissolved (ug/L)","A",0,16,16,0,0.17,1.04,NA,NA,0.32875,0.0532202577345632,0.224440211592317,0.433059788407683,0.2,0.25,0.4,0.46,0.212881030938253,NA,NA,NA,NA,NA,NA,0.926411300451932,NA,NA,NA,"reject Ho",0.0704404292720882
"22","Benz(a)anthracene sediment  (ug/Kg)","A",11.6,69,61,8,9.4,210000,1,500,21557.2290212918,4818.19223096054,12113.7457780185,31000.7122645652,110,800,28000,82000,40022.9105618233,NA,NA,NA,NA,NA,NA,0.967604684748399,0.000108722043451803,20.9326423490399,3,"reject Ho",0.0428612978881903
"23","Benz(a)anthracene water  (ug/L)","B",65.6,511,176,335,0.004,11,0.002,1.1,NA,NA,NA,NA,NA,NA,NA,NA,NA,0.20688105815282,0.00088732105450521,0.006,0.0334679198543185,0.19,1.07554654998839,0.99533192538693,NA,NA,NA,"do not reject Ho",0.468205920044794
"24","Benzene water  (ug/L)","C",99.2,120,1,119,2.6,2.6,1,1,NA,NA,NA,NA,NA,NA,NA,NA,NA,NA,NA,NA,NA,NA,NA,NA,NA,NA,NA,NA,0.563702861650773
"25","Benzo(a)pyrene sediment  (ug/Kg)","A",17.7,79,65,14,16.2,260000,0.1,500,22986.5200386622,5193.20025041089,12808.0345833525,33165.0054939719,120,720,31000,77000,46158.173473704,NA,NA,NA,NA,NA,NA,0.965667777424005,1.30825245782118e-05,25.3441292950587,3,"reject Ho",0.0714791031932659
"26","Benzo(a)pyrene water  (ug/L)","B",71.6,631,179,452,0.004,15,0.004,1.1,NA,NA,NA,NA,NA,NA,NA,NA,NA,0.214139157114848,0.000849002628904686,0.00535723920913216,0.036069032727626,0.24,1.15438029540847,0.993745286640268,NA,NA,NA,"do not reject Ho",0.520560013985117
"27","Benzo(b)fluoranthene sediment  (ug/Kg)","A",20,45,36,9,1.07,240000,0.1,220,18471.6416282828,6451.19099375919,5827.53962312568,31115.74363344,82.4000000000233,240,17000,49000,43275.9047936399,NA,NA,NA,NA,NA,NA,0.95399535836773,0.000409800598479171,18.1489787192562,3,"reject Ho",0.51838521259862
"28","Benzo(b)fluoranthene water  (ug/L)","B",69.6,359,109,250,0.02,13,0.0094,0.5,NA,NA,NA,NA,NA,NA,NA,NA,NA,0.330477052406388,0.00265053269397338,0.0140128111905497,0.1,0.3144,1.38550607051168,0.992751713445621,NA,NA,NA,"do not reject Ho",0.345364253371826
"29","Benzo(b,k)fluoranthene sediment  (ug/Kg)","A",0,9,9,0,110,2900,NA,NA,1294.44444444444,303.80965857256,698.988455486817,1889.90043340207,370,1400,1700,NA,911.428975717679,NA,NA,NA,NA,NA,NA,0.939217436964525,NA,NA,NA,"do not reject Ho",NA
"30","Benzo(b,k)fluoranthene water  (ug/L)","B",50.8,126,62,64,0.005,0.315,0.003,0.021,NA,NA,NA,NA,NA,NA,NA,NA,NA,0.0206829693331224,0.00423777282600885,0.00983106764982786,0.02275,0.0475,0.0368008588517604,0.991301685275609,NA,NA,NA,"do not reject Ho",0.0994060356730193
"31","Benzo(g,h,i)perylene sediment  (ug/Kg)","A",11.3,71,63,8,4,160000,1,500,17140.2533935671,3755.6560666785,9779.30276455792,24501.2040225763,180,800,24000,52000,31645.7205143714,NA,NA,NA,NA,NA,NA,0.969171022781142,0.000183553838803974,19.8360397295551,3,"reject Ho",0.0178180970270458
"32","Benzo(g,h,i)perylene water  (ug/L)","B",60,633,253,380,0.004,12,0.003,1.1,NA,NA,NA,NA,NA,NA,NA,NA,NA,0.191399127730117,0.00320672720440312,0.0131735507110577,0.075,0.28,0.910242087533346,0.995124602591425,NA,NA,NA,"do not reject Ho",0.671866204688041
"33","Benzo(k)fluoranthene sediment  (ug/Kg)","A",28.9,45,32,13,10.2,230000,0.1,530,17011.7073222611,6084.75009377835,5085.81628352882,28937.5983609934,10.2000000000116,131,13000,49000,40817.7445073598,NA,NA,NA,NA,NA,NA,0.967766553593456,0.00126717231915929,15.7646659403032,3,"do not reject Ho",0.76153007268513
"34","Benzo(k)fluoranthene water  (ug/L)","B",76,359,86,273,0.014,13,0.0094,0.99,NA,NA,NA,NA,NA,NA,NA,NA,NA,0.304145506541848,0.0010247738593612,0.00653492793309076,0.0516148531650897,0.276,1.3728135344364,0.99383716505329,NA,NA,NA,"do not reject Ho",0.357070220588545
"35","Benzofluoranthenes, Total sediment  (ug/Kg)","A",0,34,34,0,177,340000,NA,NA,83220.5882352941,15731.4668042444,52387.4798749876,114053.696595601,2070,57000,130000,220000,91729.4261709049,NA,NA,NA,NA,NA,NA,0.937771355305971,0.0322663657379468,8.78663775715431,3,"reject Ho",0.143061234352835
"36","Benzofluoranthenes, Total water  (ug/L)","B",54.4,149,68,81,0.0666,5.7,0.0094,2.2,NA,NA,NA,NA,NA,NA,NA,NA,NA,0.329519498301206,0.0301271953915641,0.0907006400877789,0.28,1.022,0.709871376063325,0.991578145001823,NA,NA,NA,"do not reject Ho",0.779267909669425
"37","Biochemical Oxygen Demand water  (ug/L)","A",21.6,538,422,116,1100,68000,1000,15000,6228.36724862655,328.589648073818,5584.34337270918,6872.39112454393,2200,3900,7200,13100,7621.58004418022,NA,NA,NA,NA,NA,NA,0.997046159205981,1.35219968898653e-23,109.578515808776,3,"do not reject Ho",6.32685415920237e-11
"38","Bis(2-ethylhexyl) phthalate sediment  (ug/Kg)","A",7.3,55,51,4,21.6,34000,20,2200,6855.87853535353,1006.57497224403,4883.02784201582,8828.72922869125,1760,4800,11000,15000,7464.95978630457,NA,NA,NA,NA,NA,NA,0.91920055665417,6.51452225497451e-11,50.4160819877519,3,"reject Ho",0.171807934039268
"39","Bis(2-ethylhexyl) phthalate water  (ug/L)","A",38.1,622,385,237,0.15,41.4,0.024,10.1,2.11821988630895,0.151750541478641,1.82079429037637,2.41564548224154,0.455999999999996,0.976999999999997,2.23,4.91999999999999,3.78464755213688,NA,NA,NA,NA,NA,NA,0.997712125795984,9.97007333472235e-43,198.271207206957,3,"do not reject Ho",0.71587895111708
"40","BTEX water  (ug/L)","C",97.5,120,3,117,1.1,6.4,1,100,NA,NA,NA,NA,NA,NA,NA,NA,NA,NA,NA,NA,NA,NA,NA,NA,NA,NA,NA,NA,0.311872964786022
"41","Butyl benzyl phthalate sediment  (ug/Kg)","A",43.9,57,32,25,21.5,60000,1,1300,1831.5191503111,1087.67990755099,-300.294295196697,3963.3325958189,NA,96,450,2500,8211.80322058058,NA,NA,NA,NA,NA,NA,0.988236293155219,0.0209284635926988,9.7381285799612,3,"do not reject Ho",0.0807700203418026
"42","Butyl benzyl phthalate water  (ug/L)","B",77.4,633,143,490,0.022,2.82,0.018,3,NA,NA,NA,NA,NA,NA,NA,NA,NA,0.175978929315618,0.0481630905320374,0.0994876368587093,0.22,0.419233919621656,0.223425145870695,0.98336526993374,NA,NA,NA,"reject Ho",0.612705987519056
"43","Cadmium sediment  (ug/Kg)","A",10,80,72,8,0.781,4900,2.5,500,948.058011862459,97.1164565021132,757.713254812166,1138.40276891275,322.000000000001,819.000000000001,1300,1860,868.635993890506,NA,NA,NA,NA,NA,NA,0.866294920356785,8.00897238650844e-06,26.362200801645,3,"reject Ho",0.676466728986486
"44","Cadmium water  (ug/L)","A",26.6,639,469,170,0.011,10.1,0.025,1,0.247012499411771,0.0298310147631809,0.188544784853653,0.305480213969888,0.0500000000000007,0.114000000000001,0.219000000000001,0.383000000000001,0.754081794841193,NA,NA,NA,NA,NA,NA,0.980955815182001,2.2595569252253e-37,173.476851707442,3,"reject Ho",0.000160115867540357
"45","Cadmium water dissolved (ug/L)","A",47.6,635,333,302,0.003,1.85,0.007,0.4,0.0610584708461249,0.00452728605499953,0.0521851532306154,0.0699317884616344,0.0210000000000004,0.0390000000000001,0.0660000000000003,0.11,0.114084015445235,NA,NA,NA,NA,NA,NA,0.990118930467807,1.14838716012233e-32,151.671924423842,3,"do not reject Ho",0.0260778005210631
"46","Calcium water  (ug/L)","A",0,353,353,0,620,357000,NA,NA,8947.13031161475,1109.15839223175,6773.21980969017,11121.0408135393,3300,5710,10000,16000,20839.1942187676,NA,NA,NA,NA,NA,NA,0.990062028242735,1.02669503432397e-69,323.036398012187,3,"do not reject Ho",0.0350139177016532
"47","Calcium water dissolved (ug/L)","A",0,2,2,0,1640,2500,NA,NA,2070,430,1227.21548664778,2912.78451335222,1640,NA,NA,NA,608.111831820431,NA,NA,NA,NA,NA,NA,NA,NA,NA,NA,NA,NA
"48","Chloride water  (ug/L)","A",2,551,540,11,55,1080000,100,250,12152.9644003909,2628.44563230375,7001.30562575394,17304.6231750278,1500,3300,6990,13700,61698.5272881706,NA,NA,NA,NA,NA,NA,0.981950727606194,6.32425501504744e-16,73.8712238046823,3,"reject Ho",0.179582536950971
"49","Chlorpyrifos sediment  (ug/Kg)","C",98.1,53,1,52,15,15,0.1,1100,NA,NA,NA,NA,NA,NA,NA,NA,NA,NA,NA,NA,NA,NA,NA,NA,NA,NA,NA,NA,0.422678074170635
"50","Chlorpyrifos water  (ug/L)","C",99.8,644,1,643,0.022,0.022,0.006,1,NA,NA,NA,NA,NA,NA,NA,NA,NA,NA,NA,NA,NA,NA,NA,NA,NA,NA,NA,NA,0.0392503304676929
"51","Chrysene sediment  (ug/Kg)","A",7.6,79,73,6,1.07,280000,1,220,25306.5307172996,5683.33982906633,14167.3893404275,36445.6720941716,220,1100,34000,77000,50514.6293404147,NA,NA,NA,NA,NA,NA,0.967018952821977,1.13826336272105e-05,25.6330421369183,3,"reject Ho",0.0204404029443107
"52","Chrysene water  (ug/L)","B",54.1,634,291,343,0.003,16,0.003,1.1,NA,NA,NA,NA,NA,NA,NA,NA,NA,0.259378393655053,0.00531853030395244,0.02,0.101,0.2858,1.26987564585303,0.995527841944386,NA,NA,NA,"do not reject Ho",0.148868014090946
"53","Conductivity water  (uS/cm)","A",0.2,637,636,1,5.3,4020,18,18,131.615263121972,13.5496836348416,105.058371195771,158.172155048173,33.5,72.3000000000002,123,183,341.978553782157,NA,NA,NA,NA,NA,NA,0.982796687722041,2.52225536944807e-55,256.537496435611,3,"reject Ho",0.0320749356993383
"54","Copper sediment  (ug/Kg)","A",0,78,78,0,156,1260000,NA,NA,151801.743589743,24203.6333095762,104363.49400796,199239.993171527,23900,81000,197000,395000,213760.701486464,NA,NA,NA,NA,NA,NA,0.956841457340833,1.44468502605299e-07,34.6495169088263,3,"reject Ho",0.753322328645919
"55","Copper water  (ug/L)","A",1.4,652,643,9,0.38,218,0.1,0.5,17.0153374233129,0.794141710394016,15.4588482723196,18.5718265743062,4.75,10.4,21.6,38.6,20.27784526606,NA,NA,NA,NA,NA,NA,0.996635359873424,7.10826426857124e-60,277.569349955293,3,"do not reject Ho",0.00317192405486749
"56","Copper water dissolved (ug/L)","A",2.8,602,585,17,0.62,122,0.1,12.5,6.44017765831903,0.40111272592274,5.65401116176977,7.22634415486828,2.23999999999998,3.89999999999998,6.78999999999999,13.4,9.84157681350388,NA,NA,NA,NA,NA,NA,0.990222555102706,8.82385636485562e-35,161.471054756873,3,"do not reject Ho",3.68815062997394e-24
"57","CPAH sediment  (ug/Kg)","A",6.1,82,77,5,1.07,1453000,1,220,104752.621189024,24744.5924369675,56254.1112004458,153251.131177603,708,3130,123700,273000,224071.814602983,NA,NA,NA,NA,NA,NA,0.957274609841531,1.37255775817247e-05,25.244502790091,3,"reject Ho",0.0603130434737768
"58","CPAH water  (ug/L)","A",48.4,634,327,307,0.004,83.3,0.007,1.1,1.22328866233687,0.263130881220598,0.707561611924211,1.73901571274953,0.00900000000000034,0.0439999999999969,0.233099999999993,1.3,6.62546629704828,NA,NA,NA,NA,NA,NA,0.986194482804495,7.92431236698483e-22,101.360420511206,3,"reject Ho",0.535288887871435
"59","Di-N-Octyl Phthalate sediment  (ug/Kg)","B",71.4,56,16,40,116,10000,1,1300,NA,NA,NA,NA,NA,NA,NA,NA,NA,570.467934920004,18.4721284296408,31.0369473231448,260,1150,1839.20062648661,0.97374761056888,NA,NA,NA,"do not reject Ho",0.884759502478324
"60","Di-N-Octyl Phthalate water  (ug/L)","C",88.8,632,71,561,0.018,3.19,0.018,3,NA,NA,NA,NA,NA,NA,NA,NA,NA,NA,NA,NA,NA,NA,NA,NA,NA,NA,NA,NA,0.980691339890363
"61","Diazinon sediment  (ug/Kg)","C",98.1,52,1,51,17,17,0.1,1100,NA,NA,NA,NA,NA,NA,NA,NA,NA,NA,NA,NA,NA,NA,NA,NA,NA,NA,NA,NA,0.438578026081
"62","Diazinon water  (ug/L)","C",99.1,644,6,638,0.026,0.53,0.005,1,NA,NA,NA,NA,NA,NA,NA,NA,NA,NA,NA,NA,NA,NA,NA,NA,NA,NA,NA,NA,0.805264924828213
"63","Dibenzo(a,h)anthracene sediment  (ug/Kg)","A",26.6,79,58,21,6.54,73000,0.1,530,6377.89595067305,1428.0158959896,3579.03622518273,9176.75567616336,14.8000000000029,190,9100,23000,12692.4829145727,NA,NA,NA,NA,NA,NA,0.962173586189857,8.23246353103269e-05,21.5140095749924,3,"reject Ho",0.144041619704535
"64","Dibenzo(a,h)anthracene water  (ug/L)","C",86.1,634,88,546,0.005,5.3,0.003,2.1,NA,NA,NA,NA,NA,NA,NA,NA,NA,NA,NA,NA,NA,NA,NA,NA,NA,NA,NA,NA,0.00139776015530167
"65","Dibutyl phthalate sediment  (ug/Kg)","B",71.9,57,16,41,16,2070,1,1300,NA,NA,NA,NA,NA,NA,NA,NA,NA,143.788859972013,8.54372269601193,15.8432174968581,50.6322225415387,318.8,382.277644055365,0.96324265422969,NA,NA,NA,"do not reject Ho",0.329997651654087
"66","Dibutyl phthalate water  (ug/L)","B",68.2,633,201,432,0.024,5.08,0.023,3,NA,NA,NA,NA,NA,NA,NA,NA,NA,0.191877985717303,0.0533498853493401,0.112774892207761,0.248839823274588,0.413876555277401,0.282242141105881,0.980422312301145,NA,NA,NA,"reject Ho",0.0828947156816795
"67","Dichlobenil sediment  (ug/Kg)","B",60,15,6,9,17,100,0.1,6.7,NA,NA,NA,NA,NA,NA,NA,NA,NA,NA,NA,NA,NA,NA,NA,0.972871075656439,NA,NA,NA,"do not reject Ho",0.0186029299011358
"68","Dichlobenil water  (ug/L)","B",64.2,611,219,392,0.012,1.3,0.007,1,NA,NA,NA,NA,NA,NA,NA,NA,NA,0.0589638696803708,0.0093740652708618,0.024,0.0505,0.118,0.123119172570211,0.989753489795799,NA,NA,NA,"do not reject Ho",0.0702370827932643
"69","Diesel Fuel sediment  (ug/Kg)","A",0,22,22,0,430000,6700000,NA,NA,2440000,388338.117503927,1678871.27586822,3201128.72413178,1e+06,2e+06,3500000,4400000,1821467.22648058,NA,NA,NA,NA,NA,NA,0.985264444333509,NA,NA,NA,"do not reject Ho",0.389114214388003
"70","Diesel Fuel water  (ug/L)","B",53.2,77,36,41,100,4900,100,250,NA,NA,NA,NA,NA,NA,NA,NA,NA,301.969247108783,42.3728868600507,103.321008499345,320,654,626.521484542637,0.985248627508177,NA,NA,NA,"do not reject Ho",0.0833881027804025
"71","Diesel Range Organics sediment  (ug/Kg)","A",25,12,9,3,27000,510000,50000,5e+05,140617.283950617,40577.0560831668,61087.7154289484,220146.852472286,41000,120000,190000,220000,140563.045515233,NA,NA,NA,NA,NA,NA,0.99021794276263,NA,NA,NA,"do not reject Ho",0.282312828319082
"72","Diesel Range Organics water  (ug/L)","A",42.5,487,280,207,13,4900,30,570,348.934739063962,24.3539724767524,301.201830129048,396.667647998877,28,130,450,960,537.445327469713,NA,NA,NA,NA,NA,NA,0.975313256269777,4.98988719395383e-14,65.0106076534831,3,"reject Ho",2.36450492560021e-05
"73","Diethyl phthalate sediment  (ug/Kg)","C",94.6,56,3,53,81,123,1,1300,NA,NA,NA,NA,NA,NA,NA,NA,NA,NA,NA,NA,NA,NA,NA,NA,NA,NA,NA,NA,0.288388115441725
"74","Diethyl phthalate water  (ug/L)","B",69.4,634,194,440,0.026,8.9,0.024,3,NA,NA,NA,NA,NA,NA,NA,NA,NA,0.214907896212946,0.0703715852835625,0.132501190621323,0.24,0.420117852447187,0.425946757131019,0.990068351934373,NA,NA,NA,"do not reject Ho",0.000307472547520563
"75","Dimethyl phthalate sediment  (ug/Kg)","C",80.4,56,11,45,28,628,1,1300,NA,NA,NA,NA,NA,NA,NA,NA,NA,NA,NA,NA,NA,NA,NA,NA,NA,NA,NA,NA,0.366182928099865
"76","Dimethyl phthalate water  (ug/L)","C",85.2,634,94,540,0.025,2.8,0.021,3,NA,NA,NA,NA,NA,NA,NA,NA,NA,NA,NA,NA,NA,NA,NA,NA,NA,NA,NA,NA,0.00122828975039431
"77","Ethylbenzene water  (ug/L)","C",100,120,0,120,NA,NA,1,1,NA,NA,NA,NA,NA,NA,NA,NA,NA,NA,NA,NA,NA,NA,NA,NA,NA,NA,NA,NA,1
"78","Fecal coliform water  (cfu/100mL)","A",6.6,560,523,37,1,1100000,1,4,4778.15215014582,2008.63480119368,841.300281712432,8715.00401857921,50,350,1700,5400,47532.974955889,NA,NA,NA,NA,NA,NA,0.986252367922842,1.9098364117627e-14,66.9600879718206,3,"reject Ho",4.14888963630014e-07
"79","Fines sediment  (%)","A",0,73,73,0,3.5,178,NA,NA,43.275205479452,4.69538495166826,34.0724200806309,52.4779908782732,17.6,29.4,58.73,86.9,40.1173866127611,NA,NA,NA,NA,NA,NA,0.990441085257702,0.176943062625631,4.93069297804318,3,"do not reject Ho",0.613489170345317
"80","Fluoranthene sediment  (ug/Kg)","A",6.3,79,74,5,1.02,590000,1,500,56948.9823028237,13252.4004742256,30974.75466464,82923.2099410074,270,1900,67000,220000,117789.911911042,NA,NA,NA,NA,NA,NA,0.972656524122477,3.05128596210791e-05,23.5836661768535,3,"reject Ho",0.0376728641761667
"81","Fluoranthene water  (ug/L)","A",40.9,633,374,259,0.007,33,0.005,1.1,0.482382916338767,0.103247846262857,0.280020856182239,0.684744976495296,0.017000000000003,0.0390000000000015,0.151000000000003,0.440000000000005,2.59766328471618,NA,NA,NA,NA,NA,NA,0.971861020896045,3.35855390520983e-32,149.511460515439,3,"reject Ho",0.0471929269539271
"82","Fluorene sediment  (ug/Kg)","A",41,78,46,32,19.3,14000,0.1,530,1493.42057636651,331.378195341333,843.931248235614,2142.9099044974,NA,60,2000,5900,2926.65297756993,NA,NA,NA,NA,NA,NA,0.954824054501512,1.80533516114245e-06,29.4452366342974,3,"reject Ho",0.262342660047392
"83","Fluorene water  (ug/L)","C",87.4,634,80,554,0.003,1.6,0.003,2.1,NA,NA,NA,NA,NA,NA,NA,NA,NA,NA,NA,NA,NA,NA,NA,NA,NA,NA,NA,NA,0.40691385074133
"84","Gasoline Range Organics water  (ug/L)","C",89.6,491,51,440,11,395,10,250,NA,NA,NA,NA,NA,NA,NA,NA,NA,NA,NA,NA,NA,NA,NA,NA,NA,NA,NA,NA,0.0473367868140771
"85","Gravel sediment  (%)","A",6.8,73,68,5,0,59.2,0.1,0.1,7.94452054794522,1.32072689816941,5.35594339411988,10.5330977017706,0.600000000000009,5.20000000000002,8.60000000000001,19.8,11.284295564501,NA,NA,NA,NA,NA,NA,0.944423037582053,0.90333113961366,0.569705804644048,3,"reject Ho",0.0232956273747823
"86","Hardness as CaCO3 water  (ug/L)","A",0.3,642,640,2,1900,1300000,10000,10000,35715.4025550887,2915.11462770118,30001.8828739885,41428.9222361889,13900,25200,40000,57000,73862.355052308,NA,NA,NA,NA,NA,NA,0.986367911374886,2.01598208156957e-54,252.364145962967,3,"reject Ho",0.0461043012946119
"87","Heavy Fuel Oil sediment  (ug/Kg)","A",0,12,12,0,820000,5040000,NA,NA,2669166.66666667,414342.228505896,1857070.82152105,3481262.51181229,1100000,2800000,3470000,4500000,1435323.58298705,NA,NA,NA,NA,NA,NA,0.948995566541506,0.0156097627256458,8.31971748944226,2,"do not reject Ho",0.0358875703317511
"88","Heavy Fuel Oil water  (ug/L)","A",21.5,298,234,64,21,9000,20,500,762.142750164075,67.0563178556938,630.714782231045,893.570718097105,150,360,840,2000,1157.57152253346,NA,NA,NA,NA,NA,NA,0.998359616729183,2.03391949515577e-38,178.319655644067,3,"do not reject Ho",0.0227034289665185
"89","HPAH sediment  (ug/Kg)","A",3.3,90,87,3,3.46,2683000,1,220,228297.757777778,51029.6939583076,128281.395477394,328314.120078162,1438,7840,266800,727000,484110.183628756,NA,NA,NA,NA,NA,NA,0.976055873453118,5.6366654795359e-05,22.3047760866199,3,"reject Ho",0.0690856952006116
"90","HPAH water  (ug/L)","A",32.7,633,426,207,0.012,154.3,0.0094,2.2,2.3668644387509,0.488982125371726,1.40847708393847,3.32525179356333,0.0340000000000202,0.110000000000042,0.712000000000018,2.50500000000002,12.3025415050965,NA,NA,NA,NA,NA,NA,0.980135067349298,2.66117846739992e-29,136.068512877185,3,"reject Ho",0.134849522300003
"91","Indeno(1,2,3-cd)pyrene sediment  (ug/Kg)","A",13.9,79,68,11,19.4,160000,1,500,14900.2886171098,3291.53435939634,8448.9998188169,21351.5774154028,130,540,18000,52000,29255.797317589,NA,NA,NA,NA,NA,NA,0.97447030244435,5.4931002079428e-05,22.3585944542266,3,"reject Ho",0.0232674363575403
"92","Indeno(1,2,3-cd)pyrene water  (ug/L)","B",71.3,634,182,452,0.004,10,0.003,1.1,NA,NA,NA,NA,NA,NA,NA,NA,NA,0.163673844649284,0.000801113155433009,0.00497225010896239,0.0321753072898711,0.21,0.797800523584603,0.993981623491672,NA,NA,NA,"do not reject Ho",0.166086085187717
"93","Lead sediment  (ug/Kg)","A",2.5,80,78,2,360,1790000,10,10,188329.45,28179.4728673691,133098.698076633,243560.201923367,20500,114000,248000,486000,252044.867606193,NA,NA,NA,NA,NA,NA,0.946522097841344,5.32821167187336e-08,36.6989215769688,3,"reject Ho",0.778298721492443
"94","Lead water  (ug/L)","A",0.9,638,632,6,0.1,294,0.05,0.1,15.2465909090909,1.0551444195356,13.1785458483127,17.3146359698692,1.40000000000003,6.12,16.9,40.1,26.6515361282836,NA,NA,NA,NA,NA,NA,0.992812250236398,1.51297520628482e-53,248.316993310042,3,"do not reject Ho",0.213234065169147
"95","Lead water dissolved (ug/L)","A",19.4,628,506,122,0.016,21.8,0.02,1.8,0.776906133571976,0.0860078951737237,0.608333756645382,0.945478510498571,0.0859999999999985,0.200000000000003,0.43,1.61,2.15535167530279,NA,NA,NA,NA,NA,NA,0.987422113528077,4.52315743266857e-31,144.275719676549,3,"do not reject Ho",2.23521592827887e-06
"96","LPAH sediment  (ug/Kg)","A",5.8,86,81,5,1.94,307500,0.1,500,28429.9221323422,6464.55083986016,15759.6353099882,41100.2089546963,200,1200,35850,97250,59949.7782335995,NA,NA,NA,NA,NA,NA,0.980417625466047,2.01063285227843e-05,24.4513357203845,3,"reject Ho",0.0915075206253708
"97","LPAH water  (ug/L)","A",38.6,634,389,245,0.006,24.3,0.0094,1.1,0.379994122078974,0.0705502036772637,0.241718263769572,0.518269980388376,0.0268000000000015,0.0530000000000044,0.120000000000005,0.32,1.77640873828766,NA,NA,NA,NA,NA,NA,0.955195081565754,3.57768529851784e-23,107.614790047173,3,"reject Ho",0.324275523212728
"98","Lube Oil water  (ug/L)","B",58.4,89,37,52,194,1550,190,570,NA,NA,NA,NA,NA,NA,NA,NA,NA,348.936960199155,126.610945725352,207.306841204163,460,846.6,334.43624223614,0.956544651417281,NA,NA,NA,"reject Ho",0.139114710559249
"99","Magnesium water  (ug/L)","A",0,353,353,0,90,96500,NA,NA,2121.20963172805,284.184134468712,1564.21896319168,2678.20030026441,610,1500,2440,4040,5339.33513334357,NA,NA,NA,NA,NA,NA,0.984187865863221,5.03734610107265e-48,222.777920745301,3,"reject Ho",0.727450769785472
"100","Magnesium water dissolved (ug/L)","A",0,2,2,0,210,310,NA,NA,260,50,162.001800772997,357.998199227003,210,NA,NA,NA,70.7106781186548,NA,NA,NA,NA,NA,NA,NA,NA,NA,NA,NA,NA
"101","Malathion sediment  (ug/Kg)","C",98.1,53,1,52,16,16,0.1,1100,NA,NA,NA,NA,NA,NA,NA,NA,NA,NA,NA,NA,NA,NA,NA,NA,NA,NA,NA,NA,0.453254704753736
"102","Malathion water  (ug/L)","C",98.9,643,7,636,0.027,0.2,0.008,2,NA,NA,NA,NA,NA,NA,NA,NA,NA,NA,NA,NA,NA,NA,NA,NA,NA,NA,NA,NA,0.117057462348031
"103","Mecoprop sediment  (ug/Kg)","C",91.7,12,1,11,6500,6500,10,5000,NA,NA,NA,NA,NA,NA,NA,NA,NA,NA,NA,NA,NA,NA,NA,NA,NA,NA,NA,NA,0.0832645166635505
"104","Mecoprop water  (ug/L)","C",89.6,616,64,552,0.02,28,0.02,250,NA,NA,NA,NA,NA,NA,NA,NA,NA,NA,NA,NA,NA,NA,NA,NA,NA,NA,NA,NA,7.15479179261319e-05
"105","Mercury sediment  (ug/Kg)","A",17.6,68,56,12,10,442,5,61,108.584967320261,10.6268258159271,87.7567714510638,129.413163189459,35.7,80,170,210,87.6310506082161,NA,NA,NA,NA,NA,NA,0.970338881336218,0.00429866057566786,13.1621951339092,3,"reject Ho",0.821520892052556
"106","Mercury water  (ug/L)","B",77.4,455,103,352,0.002,0.4,0.02,0.2,NA,NA,NA,NA,NA,NA,NA,NA,NA,0.0215606829150689,0.00548880915284481,0.0111585925058495,0.0233345574394579,0.0454461787189108,0.0371860845969235,0.9900367435515,NA,NA,NA,"do not reject Ho",7.59459956591709e-05
"107","Mercury water dissolved (ug/L)","C",91.2,444,39,405,0.001,0.4,0.001,0.2,NA,NA,NA,NA,NA,NA,NA,NA,NA,NA,NA,NA,NA,NA,NA,NA,NA,NA,NA,NA,0.000249567402432825
"108","Motor Oil sediment  (ug/Kg)","A",0,22,22,0,820000,1.7e+07,NA,NA,7637272.72727273,862692.147319559,5946427.18878087,9328118.26576459,4600000,8100000,1e+07,1.2e+07,4046384.84366358,NA,NA,NA,NA,NA,NA,0.945635840934898,NA,NA,NA,"reject Ho",0.659350299238941
"109","Motor Oil water  (ug/L)","A",18.1,105,86,19,200,5800,200,500,1195.14285714286,97.4819179609777,1004.08180879545,1386.20390549026,490,930,1600,2500,998.892413917451,NA,NA,NA,NA,NA,NA,0.988987678539393,0.000221370674636789,16.8313440013555,2,"do not reject Ho",0.14628443728251
"110","Naphthalene sediment  (ug/Kg)","A",40.5,79,47,32,1.02,6900,0.1,530,436.514519790845,108.704710881951,223.457201512383,649.571838069308,1.56000000000131,23.5,520,1200,966.188604396859,NA,NA,NA,NA,NA,NA,0.962429866679429,1.70274999544695e-07,34.3115325464097,3,"reject Ho",0.176519930244763
"111","Naphthalene water  (ug/L)","B",62.9,628,233,395,0.004,2.2,0.005,2.1,NA,NA,NA,NA,NA,NA,NA,NA,NA,0.0526233907763251,0.0074058107296125,0.0165828108288889,0.041,0.1023,0.169435636715597,0.982910486846488,NA,NA,NA,"reject Ho",0.111886954173688
"112","Nitrite-Nitrate water dissolved (ug/L)","A",3.9,584,561,23,12,58000,10,770,548.206097474591,101.027461681006,350.195911130318,746.216283818864,129,245,543,1090,2441.43892817433,NA,NA,NA,NA,NA,NA,0.994849018613366,5.83658135345348e-14,64.6923815301155,3,"do not reject Ho",1.91599107978243e-12
"113","o-Cresol sediment  (ug/Kg)","C",81.4,43,8,35,5.66,67,1,1300,NA,NA,NA,NA,NA,NA,NA,NA,NA,NA,NA,NA,NA,NA,NA,NA,NA,NA,NA,NA,0.402140344801441
"114","Oil and grease water  (ug/L)","C",94.3,35,2,33,500,670,500,500,NA,NA,NA,NA,NA,NA,NA,NA,NA,NA,NA,NA,NA,NA,NA,NA,NA,NA,NA,NA,0.400814169382935
"115","Ortho-phosphate water dissolved (ug/L)","A",7.8,590,544,46,4,270,3,22.3,32.2329370903237,1.39064436920162,29.5073242113851,34.9585499692622,11,21.6,38.6,70,33.7786343616697,NA,NA,NA,NA,NA,NA,0.9978105250265,1.03191804739459e-14,68.2092438540819,3,"do not reject Ho",0.0022965372258823
"116","p-Cresol sediment  (ug/Kg)","A",23.3,43,33,10,2.46,24100,1,440,1467.71608209303,686.7606160402,121.690008653694,2813.74215553236,13.3000000000029,180,605,2380,4503.39052059538,NA,NA,NA,NA,NA,NA,0.967144893066125,0.00790292508064627,11.8533110885897,3,"do not reject Ho",0.135640593486354
"117","p-Cresol water  (ug/L)","C",92.3,26,2,24,0.354,0.362,0.047,0.095,NA,NA,NA,NA,NA,NA,NA,NA,NA,NA,NA,NA,NA,NA,NA,NA,NA,NA,NA,NA,0.484908135450228
"118","PCB-aroclor 1016 sediment  (ug/Kg)","C",100,33,0,33,NA,NA,0.05,100,NA,NA,NA,NA,NA,NA,NA,NA,NA,NA,NA,NA,NA,NA,NA,NA,NA,NA,NA,NA,1
"119","PCB-aroclor 1016 water  (ug/L)","C",100,27,0,27,NA,NA,0.01,0.01,NA,NA,NA,NA,NA,NA,NA,NA,NA,NA,NA,NA,NA,NA,NA,NA,NA,NA,NA,NA,1
"120","PCB-aroclor 1221 sediment  (ug/Kg)","C",100,33,0,33,NA,NA,0.05,100,NA,NA,NA,NA,NA,NA,NA,NA,NA,NA,NA,NA,NA,NA,NA,NA,NA,NA,NA,NA,1
"121","PCB-aroclor 1221 water  (ug/L)","C",100,27,0,27,NA,NA,0.01,0.01,NA,NA,NA,NA,NA,NA,NA,NA,NA,NA,NA,NA,NA,NA,NA,NA,NA,NA,NA,NA,1
"122","PCB-aroclor 1232 sediment  (ug/Kg)","C",100,33,0,33,NA,NA,0.05,100,NA,NA,NA,NA,NA,NA,NA,NA,NA,NA,NA,NA,NA,NA,NA,NA,NA,NA,NA,NA,1
"123","PCB-aroclor 1232 water  (ug/L)","C",100,27,0,27,NA,NA,0.01,0.015,NA,NA,NA,NA,NA,NA,NA,NA,NA,NA,NA,NA,NA,NA,NA,NA,NA,NA,NA,NA,1
"124","PCB-aroclor 1242 sediment  (ug/Kg)","C",100,33,0,33,NA,NA,0.05,100,NA,NA,NA,NA,NA,NA,NA,NA,NA,NA,NA,NA,NA,NA,NA,NA,NA,NA,NA,NA,1
"125","PCB-aroclor 1242 water  (ug/L)","C",100,27,0,27,NA,NA,0.01,0.01,NA,NA,NA,NA,NA,NA,NA,NA,NA,NA,NA,NA,NA,NA,NA,NA,NA,NA,NA,NA,1
"126","PCB-aroclor 1248 sediment  (ug/Kg)","C",93.9,33,2,31,38,45,0.05,200,NA,NA,NA,NA,NA,NA,NA,NA,NA,NA,NA,NA,NA,NA,NA,NA,NA,NA,NA,NA,0.453319222970572
"127","PCB-aroclor 1248 water  (ug/L)","C",96.3,27,1,26,0.014,0.014,0.01,0.028,NA,NA,NA,NA,NA,NA,NA,NA,NA,NA,NA,NA,NA,NA,NA,NA,NA,NA,NA,NA,0.552452904881778
"128","PCB-aroclor 1254 sediment  (ug/Kg)","B",54.5,33,15,18,5.9,650,0.05,35,NA,NA,NA,NA,NA,NA,NA,NA,NA,NA,NA,NA,NA,NA,NA,0.971480633880137,NA,NA,NA,"do not reject Ho",0.0165132706517722
"129","PCB-aroclor 1254 water  (ug/L)","A",48.1,27,14,13,0.01,0.058,0.005,0.05,0.0170130594460006,0.00219625046768635,0.0127084876283061,0.0213176312636951,NA,0.011,0.022,0.032,0.011412052188539,NA,NA,NA,NA,NA,NA,0.991219474391296,1.36247105486653e-07,31.6175912956564,2,"do not reject Ho",0.799073032651304
"130","PCB-aroclor 1260 sediment  (ug/Kg)","B",72.7,33,9,24,7.2,120,0.05,75,NA,NA,NA,NA,NA,NA,NA,NA,NA,NA,NA,NA,NA,NA,NA,0.871749588055338,NA,NA,NA,"reject Ho",0.298653446316753
"131","PCB-aroclor 1260 water  (ug/L)","B",74.1,27,7,20,0.01,0.038,0.01,0.02,NA,NA,NA,NA,NA,NA,NA,NA,NA,NA,NA,NA,NA,NA,NA,0.983277465235955,NA,NA,NA,"do not reject Ho",0.439206439413868
"132","Pentachlorophenol sediment  (ug/Kg)","B",75.3,77,19,58,7.8,17800,1,3500,NA,NA,NA,NA,NA,NA,NA,NA,NA,287.195287463163,4.22195076975857,11.1807269537518,35.0347746053483,203,2026.74830673928,0.958204144856499,NA,NA,NA,"do not reject Ho",0.508931092868691
"133","Pentachlorophenol water  (ug/L)","B",74.6,591,150,441,0.02,5.1,0.02,5.6,NA,NA,NA,NA,NA,NA,NA,NA,NA,0.153399262748389,0.022541347542114,0.060677580384706,0.150226337672753,0.3764,0.315366060721365,0.991825638902097,NA,NA,NA,"do not reject Ho",0.806997547491717
"134","pH water  (pH)","A",0,224,224,0,5.6,8.26,NA,NA,6.90379464285714,0.0285842941222462,6.84777045585404,6.95981882986024,6.6,7,7.21,7.4,0.427810540992885,NA,NA,NA,NA,NA,NA,0.983583070424834,0.000168442726637297,17.3778295344279,2,"reject Ho",0.855690877213625
"135","Phenanthrene sediment  (ug/Kg)","A",6.4,78,73,5,2.16,250000,0.1,500,24296.8876730769,5575.07742744919,13369.9367042543,35223.8386418995,200,950,30000,79000,49237.7506504935,NA,NA,NA,NA,NA,NA,0.977129089147317,1.9205493488772e-05,24.5466172527605,3,"reject Ho",0.0912578062699233
"136","Phenanthrene water  (ug/L)","A",48.2,633,328,305,0.006,16,0.003,1.1,0.238108279286326,0.0510997779659017,0.137954554855165,0.338262003717487,0.0150000000000006,0.0259999999999998,0.0766999999999989,0.210000000000001,1.28564441665186,NA,NA,NA,NA,NA,NA,0.961129729708547,1.32586766835973e-25,118.908504540579,3,"reject Ho",0.556949302817802
"137","Phenol sediment  (ug/Kg)","B",57.1,49,21,28,4.52,1200,1,1600,NA,NA,NA,NA,NA,NA,NA,NA,NA,NA,NA,NA,NA,NA,NA,0.981107568737259,NA,NA,NA,"do not reject Ho",0.293481411141113
"138","Phenol water  (ug/L)","B",69.2,26,8,18,0.098,2.16,0.047,0.056,NA,NA,NA,NA,NA,NA,NA,NA,NA,NA,NA,NA,NA,NA,NA,0.963493021233132,NA,NA,NA,"do not reject Ho",0.130570018115736
"139","Precipitation water  (in)","A",0,589,589,0,0.06,4.38,NA,NA,0.648811544991511,0.0216753894038376,0.606328562409108,0.691294527573913,0.32,0.49,0.81,1.21,0.526047009231027,NA,NA,NA,NA,NA,NA,0.997652117317724,0.0341051669243544,10.40680932835,4,"do not reject Ho",3.71716299498412e-06
"140","Prometon sediment  (ug/Kg)","C",100,15,0,15,NA,NA,0.1,8,NA,NA,NA,NA,NA,NA,NA,NA,NA,NA,NA,NA,NA,NA,NA,NA,NA,NA,NA,NA,1
"141","Prometon water  (ug/L)","C",96.4,607,22,585,0.024,3.21,0.005,2.6,NA,NA,NA,NA,NA,NA,NA,NA,NA,NA,NA,NA,NA,NA,NA,NA,NA,NA,NA,NA,0.241687812719797
"142","Pyrene sediment  (ug/Kg)","A",5.1,79,75,4,1.37,490000,1,500,41626.3538517179,9549.35701978236,22909.9580174297,60342.7496860061,370,1800,56000,110000,84876.541752183,NA,NA,NA,NA,NA,NA,0.972074519467172,7.26723221233794e-06,26.5636690298459,3,"reject Ho",0.0296243454301535
"143","Pyrene water  (ug/L)","A",36.7,633,401,232,0.007,26,0.0094,1.1,0.426181200730896,0.0860769550168636,0.257473468998969,0.594888932462823,0.0210000000000008,0.0479999999999947,0.18,0.43,2.16565239664386,NA,NA,NA,NA,NA,NA,0.970937104983559,4.04795993214015e-34,158.405443787119,3,"reject Ho",0.0315284454949584
"144","Sampled-Event Flow Volume water  (m3)","A",0,600,600,0,2,201358.4825,NA,NA,4133.72513881406,684.109164390998,2792.89581511391,5474.5544625142,65.7000000000116,367.90281,1445.57271099999,5356.40588799998,16757.1838111972,NA,NA,NA,NA,NA,NA,0.996569532268884,3.63147290238786e-07,32.7528052616475,3,"do not reject Ho",0.00941747147663193
"145","Sand sediment  (%)","A",0,73,73,0,5.3,150.8,NA,NA,74.6112328767123,3.16513793876838,68.407676510625,80.8147892427997,63.9,77.3,85.1,93.8,27.0429504032837,NA,NA,NA,NA,NA,NA,0.82179496896729,0.243264412369774,4.17413343016375,3,"reject Ho",0.405798086754035
"146","Solids sediment  (%)","A",0,82,82,0,0.2,97.8,NA,NA,49.0341463414634,2.0591064470224,44.9983718649653,53.0699208179615,39.4,47.3,62.3,71,18.6460019182096,NA,NA,NA,NA,NA,NA,0.745305487604073,0.934089821896625,0.429468973281471,3,"reject Ho",0.309796294601345
"147","Storm Event Flow Volume water  (m3)","A",0,622,622,0,2.2,336888.3492,NA,NA,5687.33110751096,961.492671774378,3802.84009943399,7571.82211558793,85.1203008000157,449.948288599961,2038.96449300001,7604.759808,23979.5578399346,NA,NA,NA,NA,NA,NA,0.996995399901629,4.05261983582594e-06,27.773257546314,3,"do not reject Ho",0.00295278480167724
"148","Surfactants water  (ug/L)","A",36.6,607,385,222,17,920,16,96,74.1302604090541,3.7481442545248,66.7840326613248,81.4764881567834,19,47,88,150,92.344416772783,NA,NA,NA,NA,NA,NA,0.998717984935151,5.38461909412594e-19,88.1812589184537,3,"do not reject Ho",0.000183591336818604
"149","Toluene water  (ug/L)","C",97.5,120,3,117,1.1,2.07,1,1,NA,NA,NA,NA,NA,NA,NA,NA,NA,NA,NA,NA,NA,NA,NA,NA,NA,NA,NA,NA,0.314606924427564
"150","Total Benzofluoranthenes sediment  (ug/Kg)","A",11.5,78,69,9,1.07,470000,0.1,220,44006.5200904977,9907.01512306316,24589.1272550002,63423.9129259951,237,1400,57000,160000,87496.3884659873,NA,NA,NA,NA,NA,NA,0.960728891206481,5.46183571616954e-05,22.3705003047782,3,"reject Ho",0.0604805045262298
"151","Total Benzofluoranthenes water  (ug/L)","B",61.7,634,243,391,0.005,26,0.003,2.2,NA,NA,NA,NA,NA,NA,NA,NA,NA,0.432880854911018,0.00288546922224687,0.0159536259551607,0.11575,0.474000000000001,2.11447437125552,0.996719859514888,NA,NA,NA,"do not reject Ho",0.833877218092733
"152","Total Kjeldahl Nitrogen water  (ug/L)","A",10.4,585,524,61,100,25000,30,600,1198.14156143094,68.0426617764765,1064.78039493681,1331.50272792508,500,863,1370,2080,1645.73243136676,NA,NA,NA,NA,NA,NA,0.985066076054189,1.13016412550682e-06,30.4123503786039,3,"reject Ho",3.75139756932381e-12
"153","Total Organic Carbon sediment  (%)","A",0,80,80,0,0.00164,68,NA,NA,12.7093055,1.15587529078145,10.4438315594486,14.9747794405514,5.61999999999999,11,17.5,20.7,10.3384628947987,NA,NA,NA,NA,NA,NA,0.82808075130219,0.0209258734720241,9.73839947828973,3,"reject Ho",0.982946332876008
"154","Total PAH sediment  (ug/Kg)","A",1.2,86,85,1,4.1,2990960,220,220,265874.419169435,59642.5629081866,148977.143923725,382771.694415145,1558,6728,312120,878250,553102.374504125,NA,NA,NA,NA,NA,NA,0.979264148918591,2.98946268162403e-06,28.4027627455463,3,"reject Ho",0.112912717202649
"155","Total PAH water  (ug/L)","A",27,634,463,171,0.021,172.52,0.0094,2.2,2.73719270107685,0.553664551605484,1.65203012041359,3.82235528174012,0.0629999999999882,0.162000000000035,0.819999999999993,2.90600000000001,13.9409171949572,NA,NA,NA,NA,NA,NA,0.975154330071923,5.81318108422368e-30,139.132919612499,3,"reject Ho",0.114262970058803
"156","Total PCB sediment  (ug/Kg)","A",48.5,33,17,16,8.48,770,0.05,51,80.6614636483411,27.0160703451513,27.7109387680439,133.611988528638,NA,9.59999999999991,62,230,155.195508561,NA,NA,NA,NA,NA,NA,0.982140168939906,0.242759971511109,4.17912722701945,3,"do not reject Ho",0.0267689607308543
"157","Total PCB water  (ug/L)","A",44.4,27,15,12,0.01,0.096,0.01,0.025,0.0217030092592593,0.00417259451927016,0.0135248742794005,0.029881144239118,NA,0.011,0.024,0.043,0.0216814371202781,NA,NA,NA,NA,NA,NA,0.990274675899827,7.29882205341426e-07,28.2607653568642,2,"do not reject Ho",0.86888851983686
"158","Total Phosphorus sediment  (ug/Kg)","A",0,3,3,0,35000,1850000,NA,NA,845333.333333333,532879.077381643,-199090.466449619,1889757.13311629,35000,651000,NA,NA,922973.636315433,NA,NA,NA,NA,NA,NA,NA,NA,NA,NA,NA,NA
"159","Total Phosphorus water  (ug/L)","A",3.3,605,585,20,8,4600,5,137,155.581929847648,9.17889322163384,137.591629715307,173.572229979989,56,110,196,312,225.770921219638,NA,NA,NA,NA,NA,NA,0.994076086828764,2.35573244800058e-07,33.6437294662127,3,"do not reject Ho",2.92524710043049e-05
"160","Total Phthalate sediment  (ug/Kg)","A",11.9,67,59,8,21.5,94000,20,2200,7781.49806522941,1653.14057545676,4541.40207595234,11021.5940545065,628,3970,11800,20200,13531.5387916098,NA,NA,NA,NA,NA,NA,0.93889695015671,0.0034110684049401,13.6571061337832,3,"reject Ho",0.699580267057691
"161","Total Phthalate water  (ug/L)","A",23.5,634,485,149,0.032,41.4,0.407,5.8,2.36363787046867,0.154757600730227,2.0603185467036,2.66695719423375,0.516000000000005,1.16,2.44,5.8,3.89669681906538,NA,NA,NA,NA,NA,NA,0.998652995465304,1.65237344124575e-34,160.208623966803,3,"do not reject Ho",0.769565387309333
"162","Total Suspended Solids water  (ug/L)","A",0.6,625,621,4,1000,4700000,500,5000,63115.2551489365,7986.78951298755,47461.4353513787,78769.0749464943,14100,31000,67000,135000,199669.737824689,NA,NA,NA,NA,NA,NA,0.996386655673929,1.45372602844418e-12,58.1589850978407,3,"do not reject Ho",0.543889512329107
"163","Total TPHDx sediment  (ug/Kg)","A",0,38,38,0,120000,23700000,NA,NA,6714868.42105263,965853.648599822,4821830.05546037,8607906.78664489,2250000,4300000,10800000,14200000,5953921.75624742,NA,NA,NA,NA,NA,NA,0.953581986062858,0.0045172757585723,10.7996923502402,2,"reject Ho",0.296599036280207
"164","Total TPHDx water  (ug/L)","A",27.3,579,421,158,14,12100,70,570,969.844482497621,59.8313632972792,852.577165289022,1087.11179970622,120,433,1200,2540,1439.68732289076,NA,NA,NA,NA,NA,NA,0.990228208877341,4.32422031432079e-21,97.9329285081584,3,"do not reject Ho",0.000423832518017688
"165","Total Xylenes water  (ug/L)","C",99.2,120,1,119,1.73,1.73,1,100,NA,NA,NA,NA,NA,NA,NA,NA,NA,NA,NA,NA,NA,NA,NA,NA,NA,NA,NA,NA,0.561520352881059
"166","TPHGx water  (ug/L)","C",97.1,35,1,34,50,50,50,100,NA,NA,NA,NA,NA,NA,NA,NA,NA,NA,NA,NA,NA,NA,NA,NA,NA,NA,NA,NA,0.579099741953919
"167","Triclopyr sediment  (ug/Kg)","C",91.7,12,1,11,310,310,10,50,NA,NA,NA,NA,NA,NA,NA,NA,NA,NA,NA,NA,NA,NA,NA,NA,NA,NA,NA,NA,0.563702861650773
"168","Triclopyr water  (ug/L)","C",89,575,63,512,0.02,18.3,0.05,1.5,NA,NA,NA,NA,NA,NA,NA,NA,NA,NA,NA,NA,NA,NA,NA,NA,NA,NA,NA,NA,0.00486565262423546
"169","Turbidity water  (NTU)","A",0,548,548,0,0.98,500,NA,NA,31.9679744525547,1.96076119696977,28.1249531242103,35.8109957808991,7.10000000000002,17.3,34.4,78.6,45.9002428142292,NA,NA,NA,NA,NA,NA,0.997659510726212,1.81827611485989e-14,67.0597907700585,3,"do not reject Ho",0.248708322287249
"170","Zinc sediment  (ug/Kg)","A",0,80,80,0,366,9250000,NA,NA,548766.325,119350.271944929,314844.090442879,782688.559557121,128000,373000,602000,960000,1067501.28480779,NA,NA,NA,NA,NA,NA,0.929764756739512,4.21025710739542e-07,32.4482177831768,3,"reject Ho",0.46981763164198
"171","Zinc water  (ug/L)","A",1,630,624,6,1.4,1290,0.5,1,103.501650793651,5.35106950237196,93.0137472902311,113.989554297071,29,70.5999999999999,129,213,134.310778555206,NA,NA,NA,NA,NA,NA,0.988072352976867,1.01927339735123e-61,286.088875665877,3,"do not reject Ho",6.64651663652414e-05
"172","Zinc water dissolved (ug/L)","A",2.6,608,592,16,0.219,1090,0.5,36.5,53.4099323064096,4.26014696027945,45.0601976954141,61.7596669174051,13.0999999999999,26.8999999999999,49,110,105.045238306609,NA,NA,NA,NA,NA,NA,0.981591399512592,3.65032665993952e-42,195.662467309646,3,"reject Ho",4.73003930836148e-08
